addr,covered,name,price,time,type_home
昌平区-朱辛庄东侧约50米,总建面 28万 ㎡ 2017年10月16日开盘 浏览,TBD万科天地,均价 38000 元/㎡,2017年10月16日开盘 浏览,写字楼 品牌地产
"门头沟区-门头沟西长安西城,长安街西延线南侧约500米",3居/4居/5居及以上 建面 143~247 ㎡ 顺销开盘 浏览,电建金地华宸,均价 65000 元/㎡,顺销开盘 浏览,普通住宅 品牌地产 交通便利
"丰台区-丰台西四环看丹桥西,资和信百货西北侧",3居 建面 103~142 ㎡ 2017年05月01日开盘 浏览,北京泽信公馆,均价 76000 元/㎡,2017年05月01日开盘 浏览,普通住宅 品牌地产 交通便利
昌平区-北京市昌平区北七家北亚花园东路,4居/5居及以上 建面 210~400 ㎡ 2017年09月24日开盘 浏览,金隅上城郡,均价 45000 元/㎡,2017年09月24日开盘 浏览,别墅 品牌地产 交通便利
延庆县-北京市延庆区延琉路与八峪路交叉口,2居/3居 建面 75~90 ㎡ 2017年2月26日					开盘 浏览,城建万科城,均价 25500 元/㎡,2017年2月26日					开盘 浏览,普通住宅 品牌地产 交通便利 低总价 小户型
房山区-长沟国家湿地公园南侧,4居 建面 280~435 ㎡ 2015年06月06日开盘 浏览,长海御墅,均价 23000 元/㎡,2015年06月06日开盘 浏览,别墅 品牌地产 交通便利
朝阳区-东三环十里河弘燕路,顺销开盘 浏览,山水文园,均价 95000 元/㎡,,普通住宅 品牌地产 交通便利 非毛坯
昌平区-昌平区北七家镇立汤路7号院,3居/4居/5居及以上 建面 365~516 ㎡ 2015年11月15日开盘 浏览,北辰红橡墅,均价 32000 元/㎡,2015年11月15日开盘 浏览,别墅 品牌地产 交通便利
朝阳区-东苇路3号,5居及以上 建面 897 ㎡ 2014年06月01日开盘 浏览,九章别墅,均价 90000 元/㎡,2014年06月01日开盘 浏览,别墅 品牌地产 交通便利
昌平区-兴寿镇京承高速G11出口向西怀昌路北侧,4居/5居及以上 建面 517~863 ㎡ 2016年08月06日开盘 浏览,凯德麓语,均价 35000 元/㎡,2016年08月06日开盘 浏览,别墅 品牌地产 交通便利
亦庄开发区-经海一路与科创十二街交汇处向东200米,总建面 20.48万 ㎡ 2015年10月12日开盘 浏览,北京经开壹中心,售价 待定 ,2015年10月12日开盘 浏览,综合体商铺 品牌地产 交通便利
西城区-广安门外大街305号，莲花池东路，会城门桥南200米,2016-07-09开盘 浏览,玺源台,售价 待定 ,,普通住宅 品牌地产 交通便利
通州区-通州运河CBD新华东街与滨河中路南500米,总建面 3.6万 ㎡ 2018-09-01开盘 浏览,北京惠通中心,售价 待定 ,2018-09-01开盘 浏览,综合体商铺 品牌地产 交通便利
通州区-通州运河CBD新华东街与滨河中路南500米,总建面 3.6万 ㎡ 2018-09-01开盘 浏览,北京惠通中心,售价 待定 ,2018-09-01开盘 浏览,写字楼 品牌地产 交通便利
环京-张家口市-张家口市桥东区桥东区五一路与东环路交叉口东北处,2018-07-26开盘 浏览,博翠天宸,售价 待定 ,,普通住宅 品牌地产 交通便利
门头沟区-门头沟永定镇石龙西路与三石路交叉口向西200米南侧,3居/4居 建面 137~190 ㎡ 2017年01月01日开盘 浏览,丽景长安,均价 56900 元/㎡,2017年01月01日开盘 浏览,普通住宅 交通便利 非毛坯
朝阳区-北京市朝阳区工人体育场北路9号,1居 建面 139~183 ㎡ 2018-05-04开盘 浏览,铜雀,均价 130000 元/㎡,2018-05-04开盘 浏览,普通住宅 品牌地产 交通便利
大兴区-北京市南四环榴乡桥东南角,3居/4居 建面 185~214 ㎡ 2017年01月12日开盘 浏览,中冶德贤公馆,均价 85000 元/㎡,2017年01月12日开盘 浏览,普通住宅 品牌地产 交通便利
昌平区-昌平未来科技城南区内科技城路与南区一路交界处,3居/4居 建面 104~136 ㎡ 顺销开盘 浏览,东方蓝海中心,均价 57000 元/㎡,顺销开盘 浏览,普通住宅 品牌地产 交通便利
昌平区-昌平北七家镇定泗路与七北路交叉口东南角,5居及以上 建面 341~418 ㎡ 2017年03月31日开盘 浏览,国瑞熙墅,均价 46836 元/㎡,2017年03月31日开盘 浏览,别墅 品牌地产 交通便利
顺义区-北京市顺义区顺兴街9号院,3居/4居 建面 158~223 ㎡ 2015年08月08日开盘 浏览,中铁花溪渡,均价 45000 元/㎡,2015年08月08日开盘 浏览,别墅 品牌地产 交通便利
房山区-长阳地铁站南侧50米,1居/2居/3居 建面 50~83 ㎡ 2016年06月25日开盘 浏览,首开熙悦湾,均价 24000 元/㎡,2016年06月25日开盘 浏览,公寓 品牌地产 交通便利
门头沟区-长安街西延线与滨河路南延交汇处（东南侧）,总建面 24万 ㎡ 2017年05月01日开盘 浏览,远洋新天地,均价 90000 元/㎡,2017年05月01日开盘 浏览,综合体商铺 品牌地产 交通便利
门头沟区-长安街西延线与滨河路南延交汇处（东南侧）,总建面 24万 ㎡ 顺销开盘 浏览,远洋新天地,均价 38000 元/㎡,顺销开盘 浏览,写字楼 品牌地产 交通便利
顺义区-林河南大街与顺仁路交汇处向北100米处路西,总建面 13万 ㎡ 顺销开盘 浏览,中国铁建顺鑫汇,均价 50000 元/㎡,顺销开盘 浏览,综合体商铺 品牌地产 交通便利
"房山区-CSD办公楼南测,昊天北大街38号",3居 建面 132~137 ㎡ 2017年05月01日开盘 浏览,天资华府,均价 41500 元/㎡,2017年05月01日开盘 浏览,普通住宅 品牌地产 交通便利
平谷区-平谷区马坊镇,总建面 16.25万 ㎡ 2017年06月18日开盘 浏览,新华联YOYO,均价 15500 元/㎡,2017年06月18日开盘 浏览,写字楼 品牌地产 交通便利
房山区-房山区凯宾路58号院一区,现房开盘 浏览,西海别墅,均价 36000 元/㎡,,别墅 品牌地产 交通便利
朝阳区-望京南湖南路三帆中学对面,3居/4居 建面 147~210 ㎡ 2016年09月30日开盘 浏览,首开国风尚樾,均价 120000 元/㎡,2016年09月30日开盘 浏览,普通住宅 品牌地产 交通便利
朝阳区-北五环红军营东路轻轨13号线北苑站北200米,3居/4居 建面 65~251 ㎡ 2015年08月20日开盘 浏览,润景名苑（天润福熙大道）,均价 95000 元/㎡,2015年08月20日开盘 浏览,普通住宅 品牌地产 交通便利
平谷区-京平高速密三路出口南200米路西（北师大附中对面）,3居 建面 360~375 ㎡ 2017年10月01日开盘 浏览,首城汇景墅,均价 24000 元/㎡,2017年10月01日开盘 浏览,别墅 品牌地产 交通便利
通州区-运河CBD新华东街与滨河中路南500米,2居/3居 建面 89~121 ㎡ 蓄客开盘 浏览,复地中心,均价 65000 元/㎡,蓄客开盘 浏览,公寓 品牌地产 交通便利
通州区-运河CBD新华东街与滨河中路南500米,总建面 31.6万 ㎡ 2018年6月开盘 浏览,复地中心,均价 57000 元/㎡,2018年6月开盘 浏览,写字楼 品牌地产 交通便利
通州区-运河CBD新华东街与滨河中路南500米,总建面 31.6万 ㎡ 2018年6月开盘 浏览,复地中心,均价 90000 元/㎡,2018年6月开盘 浏览,综合体商铺 品牌地产 交通便利
顺义区-顺义新城昌金路向南通顺路乔波滑雪场西侧200米,2居/3居/4居 建面 90~248 ㎡ 顺销开盘 浏览,恒华安纳湖,均价 50000 元/㎡,顺销开盘 浏览,普通住宅 品牌地产 交通便利
顺义区-林河南大街与顺仁路交汇处向北100米处路西,总建面 13万 ㎡ 顺销开盘 浏览,中国铁建顺鑫汇,均价 25000 元/㎡,顺销开盘 浏览,写字楼 品牌地产 交通便利
房山区-北京市房山区窦店镇汇丰街三号院,2居/3居 建面 122~140 ㎡ 顺销开盘 浏览,世界名园,均价 24400 元/㎡,顺销开盘 浏览,普通住宅 品牌地产 旅游地产
顺义区-北京市顺义区李遂镇顺平东路,3居/4居 建面 227~651 ㎡ 2015年09月01日开盘 浏览,易郡,均价 31000 元/㎡,2015年09月01日开盘 浏览,别墅 交通便利 非毛坯
门头沟区-北京市门头沟区龙泉镇新桥大街西侧,3居/4居 建面 157~190 ㎡ 现房顺销开盘 浏览,华远裘马四季,均价 68000 元/㎡,现房顺销开盘 浏览,普通住宅 品牌地产 交通便利 非毛坯
门头沟区-永定镇长安街西延线南,3居/4居 建面 174~245 ㎡ 2016年09月01日开盘 浏览,泷悦长安,均价 85000 元/㎡,2016年09月01日开盘 浏览,普通住宅 别墅 品牌地产 交通便利
平谷区-平谷新城核心新建体育中心对面,2居/3居/4居 建面 101~260 ㎡ 顺销开盘 浏览,天润香墅湾,均价 35000 元/㎡,顺销开盘 浏览,普通住宅 品牌地产 交通便利
顺义区-新城右堤路与昌金路交汇处向北,3居/4居 建面 108~486 ㎡ 2017年09月29日开盘 浏览,顺鑫颐和天璟,均价 39000 元/㎡,2017年09月29日开盘 浏览,普通住宅 别墅 品牌地产 交通便利
大兴区-北京市大兴区新源大街与永兴路交汇处西南角,总建面 11.7万 ㎡ 2017年11月26日开盘 浏览,住总正华时代广场,均价 50000 元/㎡,2017年11月26日开盘 浏览,综合体商铺 品牌地产 交通便利
顺义区-北京市顺义区赵全营镇牛板路板桥段43号,总建面 20万 ㎡ 顺销开盘 浏览,尚峯壹號,均价 45000 元/㎡,顺销开盘 浏览,写字楼 品牌地产 交通便利 低总价 非毛坯
大兴区-广平大街和金西路交叉口(西红门星光视界中心对面),总建面 16.35万 ㎡ 储客开盘 浏览,华远西红世,均价 30000 元/㎡,储客开盘 浏览,综合体商铺 交通便利 优惠楼盘
通州区-滨河中路商务中心区成大广场,总建面 17.2万 ㎡ 2018-06-01开盘 浏览,成大广场,售价 待定 ,2018-06-01开盘 浏览,综合体商铺 品牌地产 交通便利
通州区-滨河中路商务中心区成大广场,总建面 17.2万 ㎡ 2018-06-01开盘 浏览,成大广场,售价 待定 ,2018-06-01开盘 浏览,写字楼 品牌地产 交通便利
大兴区-义和庄地铁东北口（B口）往北200米路东,总建面 40万 ㎡ 2016年12月31日开盘 浏览,泰禾中央广场,售价 待定 ,2016年12月31日开盘 浏览,写字楼 品牌地产 交通便利
大兴区-大兴孙村镇空港生活区，盛顺街与海鑫南路交叉口西北角,总建面 2万 ㎡ 2017年09月11日开盘 浏览,华远和墅,售价 待定 ,2017年09月11日开盘 浏览,综合体商铺 品牌地产 交通便利
西城区-二环内琉璃厂西侧50米,2014-11-08开盘 浏览,中信国安府,售价 待定 ,,普通住宅 品牌地产 交通便利
朝阳区-孙河京密路与顺黄路交叉口往西800米,5居及以上 建面 1366 ㎡ 2014-03-19开盘 浏览,泰禾北京院子,售价 待定 ,2014-03-19开盘 浏览,别墅 品牌地产 交通便利
丰台区-丰台区宋家庄地铁站南200米,2017-08-05开盘 浏览,北京金茂府,售价 待定 ,,普通住宅 别墅 品牌地产 交通便利
海淀区-清河小营桥西学府北街,2016-12-10开盘 浏览,橡林郡,售价 待定 ,,普通住宅 品牌地产 交通便利
大兴区-博兴西路与泰河三街交叉口,住宅 2017年11月18日开盘 浏览,金茂逸墅,售价 待定 ,,普通住宅 品牌地产 交通便利
环京-廊坊市-北京大兴野生动物园南（京开高速直达永定河畔）,2017年09月01日开盘 浏览,孔雀城大湖,售价 待定 ,,别墅 品牌地产 交通便利
通州区-东五环化工桥向东京津高速第一出口（通黄路出口2A大兴亦庄方向）通马路向南约500米,总建面 14.62万 ㎡ 2018-06-01开盘 浏览,首开万科云创天地,售价 待定 ,2018-06-01开盘 浏览,写字楼 品牌地产
通州区-东五环化工桥向东京津高速第一出口（通黄路出口2A大兴亦庄方向）通马路向南约500米,总建面 14.62万 ㎡ 2018-06-01开盘 浏览,首开万科云创天地,售价 待定 ,2018-06-01开盘 浏览,综合体商铺 品牌地产
朝阳区-朝阳公园东侧东四环姚家园路,2016-04-02开盘 浏览,泛海国际,售价 待定 ,,普通住宅 品牌地产 交通便利
海淀区-京藏高速小营桥东700米,2015-10-31开盘 浏览,北京城建世华龙樾,售价 待定 ,,普通住宅 品牌地产 交通便利
环京-廊坊市-新中西街与迎宾大道交叉口向西200米路南侧,2居 建面 86~114 ㎡ 2016年12月10日开盘 浏览,合美帝宝壹號,售价 待定 ,2016年12月10日开盘 浏览,普通住宅 品牌地产 交通便利
环京-廊坊市-新源街与永康路交汇处西南角200米处,2居/3居 建面 93~120 ㎡ 2016年11月19日开盘 浏览,金海太阳公园,售价 待定 ,2016年11月19日开盘 浏览,普通住宅 品牌地产 交通便利
朝阳区-北苑城铁站北300米路西,2016-09-10开盘 浏览,北京华贸城,售价 待定 ,,别墅 品牌地产 交通便利
环京-廊坊市-燕郊高新区思菩兰西路京华高尔夫东侧,2017-08-09开盘 浏览,港中旅海泉湾,售价 待定 ,,普通住宅 品牌地产 交通便利
环京-廊坊市-汽车站西行300米,2016-10-15开盘 浏览,四季花园,售价 待定 ,,普通住宅 品牌地产 交通便利
大兴区-南五环向南4.5公里南中轴向西500米,总建面 13.46万 ㎡ 2014-12-01开盘 浏览,格林云墅,售价 待定 ,2014-12-01开盘 浏览,综合体商铺 品牌地产 交通便利
门头沟区-北京市门头沟区何各庄中街8号院,总建面 33万 ㎡ 2017-10-21开盘 浏览,首开保利欢乐大都汇,均价 65000 元/㎡,2017-10-21开盘 浏览,综合体商铺 交通便利 优惠楼盘
顺义区-顺义临空经济核心区南法信南300米,总建面 10.01万 ㎡ 预计2018-06-01开盘 浏览,旭辉26街区,均价 40000 元/㎡,预计2018-06-01开盘 浏览,综合体商铺 品牌地产 交通便利
门头沟区-北京市门头沟区何各庄中街8号院,总建面 33万 ㎡ 2017-10-21开盘 浏览,首开保利欢乐大都汇,均价 35000 元/㎡,2017-10-21开盘 浏览,写字楼 交通便利 优惠楼盘
昌平区-定泗路与立汤路交汇处向西2公里处,4居/5居及以上 建面 737~804 ㎡ 顺销开盘 浏览,珠江紫宸山,均价 48000 元/㎡,顺销开盘 浏览,别墅 品牌地产 交通便利
房山区-西六环青龙湖出口,2016年10月01日开盘 浏览,北京半岛,均价 48000 元/㎡,,别墅 品牌地产 交通便利
石景山区-北京市石景山路54号院2、5号楼,总建面 38万 ㎡ 2016年10月20日开盘 浏览,金融街（长安）中心,均价 75000 元/㎡,2016年10月20日开盘 浏览,综合体商铺 品牌地产 交通便利
石景山区-北京市石景山路54号院2、5号楼,总建面 38万 ㎡ 2016年10月20日开盘 浏览,金融街（长安）中心,均价 42000 元/㎡,2016年10月20日开盘 浏览,写字楼 品牌地产 交通便利
大兴区-大兴区新媒体产业基地盛坊路与广平大街交汇处,总建面 18.69万 ㎡ 顺销开盘 浏览,天恒世界集,均价 36000 元/㎡,顺销开盘 浏览,写字楼 交通便利 小户型
房山区-北京市房山区地铁房山线大学城北站A口,总建面 16.92万 ㎡ 顺销开盘 浏览,礼御,均价 24000 元/㎡,顺销开盘 浏览,写字楼 品牌地产 交通便利
昌平区-京承高速北七家出口800米路南,2017年09月16日开盘 浏览,未来公元,均价 61000 元/㎡,,普通住宅 品牌地产 交通便利
房山区-房山长阳清苑南街与汇商东路交汇处西北角,2018年02月10日开盘 浏览,广阳郡九号,均价 48000 元/㎡,,普通住宅 品牌地产 交通便利
海淀区-西北二环外高粱桥斜街北侧，慈献寺街西侧,总建面 4.39万 ㎡ 2017年10月01日开盘 浏览,融汇国际大厦,均价 85000 元/㎡,2017年10月01日开盘 浏览,写字楼 品牌地产 交通便利
通州区-通州新华西街与新华南路交汇处往南第二个红绿灯右转300米,总建面 28.77万 ㎡ 2017年07月18日开盘 浏览,富力禧堂,均价 80000 元/㎡,2017年07月18日开盘 浏览,综合体商铺 品牌地产 交通便利
大兴区-大兴新城北区后高路与兴丰大街交汇处东北角,5居及以上 建面 464~473 ㎡ 2015-12-25开盘 浏览,兴创屹墅,均价 70000 元/㎡,2015-12-25开盘 浏览,普通住宅 品牌地产 交通便利
昌平区-北京市昌平区龙锦1街,2018年02月25日开盘 浏览,公园悦府,均价 58500 元/㎡,,普通住宅 品牌地产 交通便利
朝阳区-朝阳区东坝中街,3居/4居/5居及以上 建面 181~390 ㎡ 顺销开盘 浏览,和光尘樾,均价 80000 元/㎡,顺销开盘 浏览,别墅 品牌地产 交通便利
通州区-通州区通州马驹桥6号桥北500米,总建面 38.91万 ㎡ 顺销开盘 浏览,珠江四季悦城（渠道）,均价 26000 元/㎡,顺销开盘 浏览,写字楼 交通便利 非毛坯
顺义区-北京市顺义区后沙峪镇顺平西路（枯柳树环岛西500米）,总建面 32.55万 ㎡ 顺销开盘 浏览,国门智慧城,均价 36000 元/㎡,顺销开盘 浏览,写字楼 品牌地产 交通便利
海淀区-北清路于稻香湖路交汇处,总建面 16.39万 ㎡ 顺销开盘 浏览,绿地海淀悦都会,均价 37000 元/㎡,顺销开盘 浏览,写字楼 品牌地产 交通便利
门头沟区-长安街西延线南约300米,3居/4居 建面 118~134 ㎡ 2017年09月17日开盘 浏览,北京城建龙樾西山,均价 55000 元/㎡,2017年09月17日开盘 浏览,普通住宅 品牌地产 交通便利
昌平区-京藏高速科技园出口（28出口）东侧,总建面 9.06万 ㎡ 定期释放3-4层约100套房源开盘 浏览,硅谷SOHO,均价 30000 元/㎡,定期释放3-4层约100套房源开盘 浏览,写字楼 品牌地产 交通便利
顺义区-顺义新城马坡组团白马路与通顺路交叉口向北700米,总建面 18万 ㎡ 顺销开盘 浏览,金宝Park天阶,均价 22000 元/㎡,顺销开盘 浏览,综合体商铺 品牌地产 交通便利
顺义区-顺义新城马坡组团白马路与通顺路交叉口向北700米,总建面 18万 ㎡ 顺销开盘 浏览,金宝Park天阶,均价 23000 元/㎡,顺销开盘 浏览,写字楼 品牌地产 交通便利
顺义区-京沈路与白马路交汇东南角200米处,总建面 12万 ㎡ 2017年10月31号开盘 浏览,中晟广场,均价 43000 元/㎡,2017年10月31号开盘 浏览,综合体商铺 品牌地产 交通便利
大兴区-北京市大兴南五环旧忠桥南800米,3居/4居 建面 227~287 ㎡ 2018.8.3开盘 浏览,首开保利熙悦林语,均价 52315 元/㎡,2018.8.3开盘 浏览,普通住宅 品牌地产 交通便利
房山区-房山良乡大学城北站路口50米,总建面 30万 ㎡ 顺销开盘 浏览,绿地诺亚方舟悦公馆,均价 24000 元/㎡,顺销开盘 浏览,写字楼 交通便利 优惠楼盘
顺义区-顺义区顺于路与南焦路交叉口东北方向,总建面 10.58万 ㎡ 顺销开盘 浏览,北京新干线,均价 31000 元/㎡,顺销开盘 浏览,社区商铺 交通便利 非毛坯
房山区-房山京周路与大窦路交叉口(大窦桥)东500米路北,2居 建面 73 ㎡ 顺销开盘 浏览,东亚朗悦居,均价 32000 元/㎡,顺销开盘 浏览,普通住宅 交通便利 小户型
昌平区-昌平南邵地铁站A口西南600米,2018-06-30开盘 浏览,招商都会中心,均价 58000 元/㎡,,普通住宅 品牌地产 交通便利
顺义区-北京市顺义区林河北大街21号院,总建面 8.84万 ㎡ 顺销开盘 浏览,鹭峯国际,均价 69000 元/㎡,顺销开盘 浏览,写字楼 品牌地产 交通便利
丰台区-丰台区花乡四合庄汽车博物馆西路,总建面 5.92万 ㎡ 2017年09月30日开盘 浏览,保利佲悦大都汇,均价 55000 元/㎡,2017年09月30日开盘 浏览,写字楼 品牌地产 交通便利
丰台区-丰台区花乡四合庄汽车博物馆西路,总建面 5.92万 ㎡ 2017年09月30日开盘 浏览,保利佲悦大都汇,均价 60000 元/㎡,2017年09月30日开盘 浏览,综合体商铺 品牌地产 交通便利
天津市-武清区黄庄街滨河道,2018年08月03日开盘 浏览,世茂国风雅颂,均价 17000 元/㎡,,普通住宅 别墅 品牌地产 交通便利
大兴区-亦庄经济技术开发区三海子东路南海子公园路北,2017-08-27开盘 浏览,中海北京世家,均价 60000 元/㎡,,普通住宅 别墅 品牌地产 交通便利
大兴区-芦求路与黄良路东北角,总建面 41.12万 ㎡ 2017年10月15日开盘 浏览,联港城市广场,均价 30000 元/㎡,2017年10月15日开盘 浏览,综合体商铺 品牌地产 交通便利
环京-廊坊市-燕顺路站旁，徐尹路大桥旁,总建面 22.5万 ㎡ 2018年07月11日开盘 浏览,首尔甜城·39街区,均价 50000 元/㎡,2018年07月11日开盘 浏览,综合体商铺 品牌地产 交通便利
环京-廊坊市-燕顺路站旁，徐尹路大桥旁,总建面 22.5万 ㎡ 2017年12月15日开盘 浏览,首尔甜城·39街区,均价 19800 元/㎡,2017年12月15日开盘 浏览,写字楼 品牌地产 交通便利
密云县-密云溪翁庄镇白河畔密溪路33号,5居及以上 建面 312~365 ㎡ 顺销开盘 浏览,阳光城君山墅,均价 26000 元/㎡,顺销开盘 浏览,别墅 品牌地产 交通便利
密云县-北京市密云区顺密路与潮河交汇处西北角,2017年09月29日开盘 浏览,益田远洋万和风景,均价 21000 元/㎡,,别墅 品牌地产 交通便利
顺义区-顺义临空经济核心区南法信南300米,总建面 10.01万 ㎡ 预计2018-06-01开盘 浏览,旭辉26街区,售价 待定 ,预计2018-06-01开盘 浏览,写字楼 品牌地产 交通便利
通州区-通州区永顺南街,总建面 71.6万 ㎡ 开盘时间待定开盘 浏览,新光大中心,售价 待定 ,开盘时间待定开盘 浏览,综合体商铺 品牌地产 交通便利
门头沟区-门头沟阜石路双峪环岛向北1000米路西,2013年08月31日开盘 浏览,西山御园,售价 待定 ,,普通住宅 品牌地产 交通便利
海淀区-安宁庄西路与小营西路交汇处西南侧,别墅2016年03月01日开盘 浏览,合景映月台,售价 待定 ,,别墅 品牌地产 交通便利
石景山区-石景山区银河大街,总建面 18万 ㎡ 2017年01月开盘 浏览,泰禾长安中心,售价 待定 ,2017年01月开盘 浏览,综合体商铺 品牌地产 交通便利
房山区-北京市房山区良乡,总建面 21万 ㎡ 2016年09月27日开盘 浏览,首创紫悦台,售价 待定 ,2016年09月27日开盘 浏览,写字楼 品牌地产 交通便利
昌平区-昌平区小汤山镇（未来科技城北区）,3居 建面 117~127 ㎡ 2017年08月16日开盘 浏览,华润未来城市,售价 待定 ,2017年08月16日开盘 浏览,普通住宅 品牌地产 交通便利
朝阳区-朝阳区东四环中路58号,2017年11月01日开盘 浏览,泰禾金尊府,售价 待定 ,,普通住宅 品牌地产 交通便利
昌平区-昌平区沙河高教园北四街,总建面 2.8万 ㎡ 2017-04-07开盘 浏览,恒大城汇金街,售价 待定 ,2017-04-07开盘 浏览,综合体商铺 品牌地产 交通便利
房山区-房山窦店镇(窦大路西侧)，中国信息大学对面,2016-08-27开盘 浏览,水墨林溪,售价 待定 ,,普通住宅 品牌地产 交通便利
昌平区-昌平阳坊马池口镇百葛路366号,2018-05-01开盘 浏览,香江别墅二期,售价 待定 ,,别墅 品牌地产 交通便利
通州区-马驹桥新桥往南800米,2010年04月09日开盘 浏览,天鹅堡,均价 38000 元/㎡,,别墅 品牌地产 交通便利
房山区-窦店镇汇丰街3号院31号,2居/3居 建面 93~148 ㎡ 2017年01月15日开盘 浏览,汇金世界城,均价 25000 元/㎡,2017年01月15日开盘 浏览,普通住宅 品牌地产 交通便利
房山区-城关街道兴东大街133号,2017年11月05日开盘 浏览,中国铁建原香漫谷,均价 30000 元/㎡,,普通住宅 品牌地产
海淀区-万柳区域巴沟路华联购物中心西侧,3居/4居/5居及以上 建面 213~466 ㎡ 2015年01月15日开盘 浏览,万柳书院,均价 190000 元/㎡,2015年01月15日开盘 浏览,普通住宅 品牌地产 交通便利
房山区-房山区共创大厦一层,总建面 43万 ㎡ 2017年11月25日开盘 浏览,房山超级蜂巢,均价 40000 元/㎡,2017年11月25日开盘 浏览,社区商铺 品牌地产 交通便利
房山区-房山区共创大厦一层,总建面 43万 ㎡ 2017年11月25日开盘 浏览,房山超级蜂巢,均价 25000 元/㎡,2017年11月25日开盘 浏览,写字楼 品牌地产 交通便利
顺义区-张镇顺平路与七大路交汇处向西600米路南,3居/4居 建面 106~162 ㎡ 2016-07-16开盘 浏览,浅山香邑,均价 36000 元/㎡,2016-07-16开盘 浏览,普通住宅 品牌地产 交通便利
房山区-京港澳高速阎村出口西行,3居 建面 96~120 ㎡ 2017年06月29日开盘 浏览,天恒京西悦府,均价 40000 元/㎡,2017年06月29日开盘 浏览,普通住宅 品牌地产 交通便利
丰台区-南四环花乡桥南，樊羊路与白盆窑路交汇处东北侧,3居 建面 136~141 ㎡ 2016年10月01日开盘 浏览,首开华润城,均价 90000 元/㎡,2016年10月01日开盘 浏览,普通住宅 品牌地产 交通便利
海淀区-北清路永丰产业基地东侧,3居 建面 118~204 ㎡ 2018-04-11开盘 浏览,冠城大通百旺府,均价 74000 元/㎡,2018-04-11开盘 浏览,普通住宅 品牌地产 交通便利
顺义区-北京顺义区汽车生产基地,总建面 3540 ㎡ 2015/10开盘 浏览,空港国际,均价 14000 元/㎡,2015/10开盘 浏览,综合体商铺 品牌地产 交通便利
门头沟区-北京市门头沟区永定镇上岸村地铁站旁,总建面 65万 ㎡ 顺销开盘 浏览,西长安壹号,均价 45000 元/㎡,顺销开盘 浏览,写字楼 品牌地产 交通便利
顺义区-京承高速11出口向东900米路北,3居/4居 建面 156~350 ㎡ 2017年05月28日开盘 浏览,首创禧瑞墅,均价 45000 元/㎡,2017年05月28日开盘 浏览,别墅 品牌地产 交通便利
丰台区-北京市丰台区南三环铁匠营桥南600米,1居/2居 建面 63~120 ㎡ 顺销开盘 浏览,元熙华府,均价 80000 元/㎡,顺销开盘 浏览,普通住宅 交通便利 非毛坯
门头沟区-北京市门头沟区西山永定楼北300米,2居/3居/4居 建面 118~220 ㎡ 2017年06月15日开盘 浏览,中骏西山天璟,均价 67000 元/㎡,2017年06月15日开盘 浏览,普通住宅 品牌地产 交通便利
昌平区-京藏高速北安河出口北300米,2居/3居 建面 90~134 ㎡ 2017年11月18日开盘 浏览,领秀慧谷D区,均价 55000 元/㎡,2017年11月18日开盘 浏览,普通住宅 品牌地产 交通便利
房山区-房山区长沟镇泉水河西路泉水河西300米,3居 建面 153 ㎡ 2016年10月01日开盘 浏览,V7荷塘月色,均价 35000 元/㎡,2016年10月01日开盘 浏览,别墅 品牌地产 交通便利
海淀区-海淀中街15号,2居 建面 125 ㎡ 2016年09月30日开盘 浏览,前海中金公馆,均价 80000 元/㎡,2016年09月30日开盘 浏览,普通住宅 品牌地产 交通便利
西城区-西单时代广场中组部南300米路东,2居/4居/5居及以上 建面 163~296 ㎡ 2011年11月11日开盘 浏览,上国阙,均价 187000 元/㎡,2011年11月11日开盘 浏览,普通住宅 品牌地产 交通便利
丰台区-西四环中路112号( 丰台岳各庄北桥东北角200米处),4居/5居及以上 建面 266~345 ㎡ 2016年12月31日开盘 浏览,紫辰院,均价 120000 元/㎡,2016年12月31日开盘 浏览,普通住宅 品牌地产 非毛坯
海淀区-海淀区四季青桥向西1.8公里(第四个红绿灯右转)向北500米路右侧,4居/5居及以上 建面 245~435 ㎡ 2016年08月08日开盘 浏览,香山四季,均价 115000 元/㎡,2016年08月08日开盘 浏览,普通住宅 品牌地产 交通便利
门头沟区-阜石路双峪路口西800米路南,3居/4居 建面 205~275 ㎡ 2016年04月02日开盘 浏览,西山艺境华墅,均价 65000 元/㎡,2016年04月02日开盘 浏览,别墅 品牌地产 交通便利
大兴区-北京市大兴区旧忠桥往南1500米中铁华侨城售楼处。,2居/3居 建面 111~295 ㎡ 2017年11月开盘 浏览,中铁华侨城和园,均价 67000 元/㎡,2017年11月开盘 浏览,普通住宅 别墅 品牌地产 交通便利
石景山区-石景山区银河大街,总建面 18万 ㎡ 2015年12月开盘 浏览,泰禾长安中心,均价 49000 元/㎡,2015年12月开盘 浏览,写字楼 品牌地产 交通便利
朝阳区-朝阳公园南门 棕榈泉西侧,总建面 22.3万 ㎡ 2014年10月25日开盘 浏览,骏豪中央公园广场,均价 140000 元/㎡,2014年10月25日开盘 浏览,写字楼 品牌地产 交通便利
朝阳区-朝阳公园南门 棕榈泉西侧,5居及以上 建面 509~877 ㎡ 2016年01月01日开盘 浏览,骏豪中央公园广场,均价 160000 元/㎡,2016年01月01日开盘 浏览,普通住宅 品牌地产 交通便利
门头沟区-西长安街沿线与六环交汇处西南,总建面 22.05万 ㎡ 2017-12-10开盘 浏览,中国铁建万科翡翠长安,均价 76888 元/㎡,2017-12-10开盘 浏览,综合体商铺 品牌地产
门头沟区-西长安街沿线与六环交汇处西南,2017年12月24日开盘 浏览,中国铁建万科翡翠长安,均价 57000 元/㎡,,普通住宅 品牌地产
房山区-窦店镇京港澳高速公路提香草堂出口往西侧1.4千米,3居 建面 138~176 ㎡ 2016年08月10日开盘 浏览,北京城建琨廷,均价 32000 元/㎡,2016年08月10日开盘 浏览,普通住宅 品牌地产 交通便利
昌平区-昌平霍营北侧300米,3居 建面 85~142 ㎡ 2017年07月23日开盘 浏览,首开国风美唐三期,均价 59000 元/㎡,2017年07月23日开盘 浏览,普通住宅 品牌地产 交通便利
-武清新城京津公路东运通广场北侧（武清客运站对面）,总建面 24万 ㎡ 2017年05月23日开盘 浏览,泽信金汇湾,均价 16800 元/㎡,2017年05月23日开盘 浏览,综合体商铺 品牌地产 交通便利
环京-保定市-涿州新兴产业示范区涿州高铁东站西南方向,2016年09月23日开盘 浏览,华融现代城,均价 25000 元/㎡,,普通住宅 品牌地产 交通便利
环京-廊坊市-迎宾大道与新中西街交叉口东南角,2016-04-09开盘 浏览,城市之光,均价 17000 元/㎡,,普通住宅 品牌地产 交通便利
环京-廊坊市-安稳道2号华昱骏景售楼处,总建面 7.71万 ㎡ 2017年06月05日开盘 浏览,华昱昱公馆,均价 9000 元/㎡,2017年06月05日开盘 浏览,综合体商铺 品牌地产 交通便利
-103国道大岛酒楼东行800米武宁路与杨崔路交口,住宅2017-11-01开盘 浏览,永泰郦郡,均价 16500 元/㎡,,普通住宅 别墅 品牌地产 交通便利
通州区-永顺镇北关东南角,总建面 31万 ㎡ 2017年03月开盘 浏览,世界侨商中心,均价 80000 元/㎡,2017年03月开盘 浏览,综合体商铺 品牌地产 交通便利
京外旅居-河北省秦皇岛市黄金海岸三维路与二经路交界处东南角,1居 建面 53~67 ㎡ 开盘时间待定开盘 浏览,海公馆,均价 9000 元/㎡,开盘时间待定开盘 浏览,公寓 交通便利 旅游地产
大兴区-大兴区义和庄,总建面 40万 ㎡ 2017-06-01开盘 浏览,万科天地,均价 56000 元/㎡,2017-06-01开盘 浏览,综合体商铺 品牌地产 交通便利
-天津市武清区雍华道与翠通路交口,总建面 1.5万 ㎡ 2016-12-30开盘 浏览,富力尚悦居,均价 34000 元/㎡,2016-12-30开盘 浏览,综合体商铺 品牌地产 交通便利
大兴区-庞各庄龙熙瓦德拉玛庄园顺景路8号售楼处,总建面 14.44万 ㎡ 2015年06月30日开盘 浏览,龙熙瓦德拉玛庄园,均价 36000 元/㎡,2015年06月30日开盘 浏览,写字楼 品牌地产 交通便利
环京-廊坊市-廊霸路与翠林路交叉口,预计2018年开盘 浏览,中科嘉会城,均价 16500 元/㎡,,普通住宅 品牌地产 交通便利
环京-廊坊市-华祥路28号,2014-08-12开盘 浏览,宏泰美树,均价 24000 元/㎡,,普通住宅 品牌地产 交通便利
环京-张家口市-崇礼西湾子镇张承高速崇礼北出口,总建面 110万 ㎡ 2017年07月22日开盘 浏览,奥雪小镇,均价 22000 元/㎡,2017年07月22日开盘 浏览,社区商铺 品牌地产 交通便利
-武清区京津公路华北城佳汇摩尔营销中心,总建面 16.91万 ㎡ 2017-08-23开盘 浏览,佳汇摩尔,均价 19000 元/㎡,2017-08-23开盘 浏览,综合体商铺 品牌地产 交通便利
通州区-新华北路东侧与永顺东街交汇处,总建面 18.7万 ㎡ 2015-11-07开盘 浏览,保利大都汇,均价 87000 元/㎡,2015-11-07开盘 浏览,综合体商铺 品牌地产 交通便利
京外旅居-岭前街以南，规划路以东,总建面 16.04万 ㎡ 2014-06-28开盘 浏览,兴龙香玺海,均价 30000 元/㎡,2014-06-28开盘 浏览,综合体商铺 品牌地产 交通便利
环京-保定市-京昆高速涞水西出口向东800米,2居/3居/4居 建面 85~180 ㎡ 开盘时间待定开盘 浏览,北京恒大京南半岛,均价 13000 元/㎡,开盘时间待定开盘 浏览,普通住宅 别墅 交通便利 旅游地产
天津市-下朱庄街天和路西侧,2017-12-15开盘 浏览,保利梧桐语,均价 13000 元/㎡,,普通住宅 别墅 品牌地产 交通便利
密云县-密云区溪翁庄镇密西路18号,2018-07-22开盘 浏览,奥园北京源墅,均价 20000 元/㎡,,普通住宅 品牌地产 交通便利
亦庄开发区-经海一路与科创十二街交汇处向东200米,总建面 20.48万 ㎡ 2018-06-25开盘 浏览,北京经开壹中心,均价 28000 元/㎡,2018-06-25开盘 浏览,写字楼 品牌地产 交通便利
昌平区-北五环外紧邻立汤路，北七家建材城向北第一个路口200米路东,4居/5居及以上 建面 498~498 ㎡ 2013年07月31日开盘 浏览,温哥华森林,均价 48000 元/㎡,2013年07月31日开盘 浏览,别墅 品牌地产 交通便利
房山区-长阳镇京良路西营路口向北900米,2居/3居 建面 82~114 ㎡ 2017年04月24日开盘 浏览,长阳光和作用,均价 48000 元/㎡,2017年04月24日开盘 浏览,普通住宅 品牌地产 交通便利
石景山区-八大处公园西南,2017-10-01开盘 浏览,远洋天著春秋,均价 110000 元/㎡,,普通住宅 品牌地产 交通便利
平谷区-新平南路与林荫南街交汇处向西100米,2居 建面 125~133 ㎡ 2017年02月01日开盘 浏览,都丽华府,均价 28800 元/㎡,2017年02月01日开盘 浏览,普通住宅 品牌地产 交通便利
门头沟区-长安街西沿线，距阜石路1.8公里，距莲石路1.5公里,3居/4居/5居及以上 建面 126~447 ㎡ 住宅预计2018年01月开盘 浏览,华润西山墅,均价 46000 元/㎡,住宅预计2018年01月开盘 浏览,普通住宅 别墅 品牌地产 交通便利
房山区-房山区良乡大学向东,3居/4居 建面 131~290 ㎡ 2017年05月01日开盘 浏览,五矿名品,均价 55000 元/㎡,2017年05月01日开盘 浏览,别墅 品牌地产 交通便利
朝阳区-大屯路222号院,3居/4居 建面 119~179 ㎡ 2016年03月1日开盘 浏览,八斗,均价 120000 元/㎡,2016年03月1日开盘 浏览,普通住宅 品牌地产
丰台区-马家堡东路168号,2018-01-01开盘 浏览,上海建筑,均价 65500 元/㎡,,普通住宅 品牌地产 交通便利
房山区-良乡大学城西站,3居/4居 建面 108~138 ㎡ 2017-03-01开盘 浏览,天恒水岸壹号,均价 52000 元/㎡,2017-03-01开盘 浏览,普通住宅 品牌地产 交通便利
顺义区-顺义顺平路燕京桥M15号线石门站南1000米,2018-03-17开盘 浏览,中建国际城,均价 40000 元/㎡,,普通住宅 品牌地产 交通便利
平谷区-马昌营镇密三路管庄路口,3居 建面 99~130 ㎡ 2017-03-31开盘 浏览,紫贵御园,均价 29000 元/㎡,2017-03-31开盘 浏览,普通住宅 交通便利
房山区-北京市房山区良乡,总建面 21万 ㎡ 2016年09月27日开盘 浏览,首创紫悦台,均价 42000 元/㎡,2016年09月27日开盘 浏览,综合体商铺 品牌地产 交通便利
大兴区-京开高速西红门出口西行1000米北侧,总建面 18.69万 ㎡ 2016-10-01开盘 浏览,嘉悦广场,均价 40000 元/㎡,2016-10-01开盘 浏览,写字楼 品牌地产 交通便利
大兴区-京开高速西红门出口西行1000米北侧,总建面 18.69万 ㎡ 2016-10-01开盘 浏览,嘉悦广场,均价 90000 元/㎡,2016-10-01开盘 浏览,综合体商铺 品牌地产 交通便利
大兴区-西红门站往东800米,4居 建面 335~520 ㎡ 2017年12月03日开盘 浏览,鸿坤林语墅,均价 80000 元/㎡,2017年12月03日开盘 浏览,别墅 品牌地产 交通便利
昌平区-北七家立汤路与定泗路交汇东南角,3居 建面 119~138 ㎡ 2017年09月01日开盘 浏览,望都新地,均价 43800 元/㎡,2017年09月01日开盘 浏览,普通住宅 品牌地产 交通便利
朝阳区-朝阳京承高速与北四环路交接处以东,2016年09月11日开盘 浏览,湖光壹号,均价 91500 元/㎡,,普通住宅 品牌地产
顺义区-顺义区站前街3号院1号楼,总建面 8.23万 ㎡ 2015年11月20日开盘 浏览,顺鑫寰宇中心,均价 28000 元/㎡,2015年11月20日开盘 浏览,综合体商铺 品牌地产 交通便利
顺义区-顺义区站前街3号院1号楼,总建面 8.23万 ㎡ 2015年11月20日开盘 浏览,顺鑫寰宇中心,均价 30000 元/㎡,2015年11月20日开盘 浏览,写字楼 品牌地产 交通便利
朝阳区-东坝中街与单店北街交汇处西北侧,4居/5居及以上 建面 271~338 ㎡ 2016年05月01日开盘 浏览,恒大华府,均价 110000 元/㎡,2016年05月01日开盘 浏览,普通住宅 品牌地产
顺义区-顺平路566号航港大厦南侧,总建面 17.33万 ㎡ 2017年03月01日开盘 浏览,航城广场,均价 35000 元/㎡,2017年03月01日开盘 浏览,综合体商铺 品牌地产 交通便利
顺义区-顺平路566号航港大厦南侧,总建面 17.33万 ㎡ 2017年03月01日开盘 浏览,航城广场,均价 23000 元/㎡,2017年03月01日开盘 浏览,写字楼 品牌地产 交通便利
朝阳区-紫玉东路1号(亚运村正北1.5公里处),4居/5居及以上 建面 506~571 ㎡ 2013年12月18日开盘 浏览,紫玉山庄,均价 100000 元/㎡,2013年12月18日开盘 浏览,别墅 品牌地产 交通便利
房山区-房山周口店镇政府东,2017年12月24日开盘 浏览,天恒摩墅,均价 29555 元/㎡,,别墅 品牌地产 交通便利
昌平区-昌平未来科技城,总建面 25.79万 ㎡ 2017年04月01日开盘 浏览,绿地中央广场,均价 32000 元/㎡,2017年04月01日开盘 浏览,写字楼 品牌地产 交通便利
昌平区-常兴庄组团北部地区B地块居住项目,4居/5居及以上 建面 342~397 ㎡ 2017-09-05开盘 浏览,金科天玺,均价 50000 元/㎡,2017-09-05开盘 浏览,别墅 品牌地产 交通便利
顺义区-燕京街与通顺路交汇口东,2018年02月08日开盘 浏览,北京城建北京合院,均价 45000 元/㎡,,普通住宅 别墅 品牌地产 交通便利
丰台区-西二环莱户营桥东南侧,2017-12-06开盘 浏览,中国玺,均价 97000 元/㎡,,普通住宅 品牌地产 交通便利
房山区-阳光北大街与多宝路交汇处西南,4居 建面 92~330 ㎡ 别墅 2016年09月08日开盘 浏览,观山源墅,均价 45000 元/㎡,别墅 2016年09月08日开盘 浏览,别墅 普通住宅 品牌地产 交通便利
房山区-长阳镇城铁篱笆房站北侧500米,2居/3居 建面 80~103 ㎡ 2017-11-03开盘 浏览,五和万科长阳天地,均价 55000 元/㎡,2017-11-03开盘 浏览,普通住宅 品牌地产 交通便利
环京-廊坊市-霸州国际温泉公园南侧500米,5居及以上 建面 209~392 ㎡ 2016年04月01日开盘 浏览,塞纳庄园,均价 27000 元/㎡,2016年04月01日开盘 浏览,别墅 品牌地产 交通便利
丰台区-丰台区西南四环总部基地核心区丰台万达广场东侧400米,总建面 16.4万 ㎡ 2017-09-10开盘 浏览,丰台金茂广场,均价 55000 元/㎡,2017-09-10开盘 浏览,写字楼 品牌地产 交通便利
环京-廊坊市-东燕郊开发区燕顺路(815总站北侧500米),总建面 300万 ㎡ 2017年05月15日开盘 浏览,首尔甜城MOBO公寓,均价 65000 元/㎡,2017年05月15日开盘 浏览,社区商铺 品牌地产 交通便利
环京-保定市-西南郊琉璃河镇南京都旅游大道1号,4居 建面 292~297 ㎡ 2017年05月01日开盘 浏览,京都颐和城,均价 18000 元/㎡,2017年05月01日开盘 浏览,别墅 品牌地产 交通便利
环京-廊坊市-京哈高速香河出口东1公里,总建面 21.91万 ㎡ 2015年03月10日开盘 浏览,荣盛白鹭岛,均价 13000 元/㎡,2015年03月10日开盘 浏览,综合体商铺 品牌地产 交通便利
通州区-运河西大街，果园环岛向东两公里,2018-02-28开盘 浏览,合生滨江帝景二期,均价 75000 元/㎡,,普通住宅 品牌地产 交通便利
环京-张家口市-张家口市崇礼区万龙路口南,1居/2居 建面 59~94 ㎡ 2018年03月10日开盘 浏览,富龙四季小镇,均价 19000 元/㎡,2018年03月10日开盘 浏览,普通住宅 品牌地产 交通便利
大兴区-大兴地铁4号线生物医药基地站南,总建面 29.37万 ㎡ 2017年11月11日开盘 浏览,金科天宸荟,均价 60000 元/㎡,2017年11月11日开盘 浏览,综合体商铺 品牌地产 交通便利
环京-保定市-范阳路与教军场街交汇处东北角,4居 建面 168~170 ㎡ 2016年10月01日开盘 浏览,金品时代,均价 19800 元/㎡,2016年10月01日开盘 浏览,普通住宅 品牌地产 交通便利
环京-承德市-兴隆县人民医院东侧300米，县政府新址南侧150米,2018-06-02开盘 浏览,中冶兴隆新城红石郡,均价 10000 元/㎡,,普通住宅 品牌地产 交通便利
大兴区-南海子公园北侧,5居及以上 建面 311~498 ㎡ 2014年12月28日开盘 浏览,紫禁壹號院,均价 110000 元/㎡,2014年12月28日开盘 浏览,别墅 品牌地产 交通便利
环京-张家口市-河北省张家口市下花园区,3居 建面 103~117 ㎡ 2017年12月开盘 浏览,京西溪源,均价 11800 元/㎡,2017年12月开盘 浏览,普通住宅 品牌地产 交通便利 非毛坯
环京-廊坊市-河北省廊坊市霸州市霸州经济开发区益津北路,2居/3居 建面 78~125 ㎡ 2017年10月29日开盘 浏览,霸州铂悦山,均价 10900 元/㎡,2017年10月29日开盘 浏览,普通住宅 交通便利 优惠楼盘
环京-廊坊市-河北省霸州市跨106线立交桥北500米路东,2居/3居 建面 68~93 ㎡ 顺销开盘 浏览,荣盛阿尔卡迪亚霸州温泉城,均价 10000 元/㎡,顺销开盘 浏览,普通住宅 品牌地产 交通便利
大兴区-芳林路4号院,2016年04月30日开盘 浏览,远洋天著三期,均价 86000 元/㎡,,别墅 品牌地产 交通便利
环京-保定市-冠云路与火炬南街交叉口南行300米,2居/3居 建面 87~136 ㎡ 2015-11-05开盘 浏览,天地新城启承,均价 15000 元/㎡,2015-11-05开盘 浏览,普通住宅 品牌地产 交通便利
环京-廊坊市-五一路与绣水街交叉口（好百年南门对面）,2居 建面 90 ㎡ 2016年07月01日开盘 浏览,御湖湾,均价 22000 元/㎡,2016年07月01日开盘 浏览,普通住宅 品牌地产 交通便利
环京-保定市-京港澳高速影视城出口影视城路东行,总建面 31.62万 ㎡ 2017年06月24日开盘 浏览,九里京城,均价 15000 元/㎡,2017年06月24日开盘 浏览,综合体商铺 品牌地产 交通便利
"朝阳区-平房乡姚家园村,姚家园路与青年路交叉路口西南",总建面 35万 ㎡ 2014年03月21日开盘 浏览,达美中心广场,均价 100000 元/㎡,2014年03月21日开盘 浏览,写字楼 品牌地产 交通便利
环京-保定市-G4京港澳高速涿州出口出向东南1.5公里,2居/3居/4居 建面 89~137 ㎡ 开盘时间暂定开盘 浏览,鸿坤理想湾,均价 17000 元/㎡,开盘时间暂定开盘 浏览,普通住宅
房山区-良乡拱辰街道(瑞雪春堂东侧）,总建面 6006 ㎡ 2017年06月23日开盘 浏览,恒大国际广场,均价 33000 元/㎡,2017年06月23日开盘 浏览,综合体商铺 品牌地产 交通便利
门头沟区-西长安街沿线 地铁S1线上岸站,总建面 9.67万 ㎡ 2017-12-24开盘 浏览,长安天街,均价 35000 元/㎡,2017-12-24开盘 浏览,写字楼 品牌地产 交通便利
门头沟区-西长安街沿线 地铁S1线上岸站,总建面 9.67万 ㎡ 2017-12-24开盘 浏览,长安天街,均价 80000 元/㎡,2017-12-24开盘 浏览,综合体商铺 品牌地产 交通便利
昌平区-北京市昌平区未来科学城南区英才南二街南侧,3居 建面 117 ㎡ 预计2018年1月初开盘开盘 浏览,融尚未来,均价 58000 元/㎡,预计2018年1月初开盘开盘 浏览,普通住宅 品牌地产 交通便利
房山区-长阳镇文昌东路与阜盛东街交汇处,4居/5居及以上 建面 162~297 ㎡ 2018-03-31开盘 浏览,北京城建国誉府,均价 48500 元/㎡,2018-03-31开盘 浏览,普通住宅 品牌地产
昌平区-北七家京承高速北七家出口向西,别墅项目2017年12月16日开盘 浏览,翡翠公园,均价 77000 元/㎡,,普通住宅 别墅 品牌地产
大兴区-西红门欣荣北街与鸿宏福路交汇东北角,总建面 4万 ㎡ 2015年10月01日开盘 浏览,鸿坤新都荟,均价 50000 元/㎡,2015年10月01日开盘 浏览,社区商铺 品牌地产 交通便利
顺义区-高丽营镇于庄村春晖园温泉度假酒店北侧300米,1居/4居 建面 161~703 ㎡ 2016年03月06日开盘 浏览,春晖园随园,均价 63000 元/㎡,2016年03月06日开盘 浏览,别墅 交通便利
门头沟区-莲花池西路西延线潭柘寺隧道出口北侧,3居/4居 建面 135~320 ㎡ 2018年01月06日开盘 浏览,檀香府,均价 50000 元/㎡,2018年01月06日开盘 浏览,别墅 品牌地产 交通便利
昌平区-北七家镇定泗路88号,2017年05月21日开盘 浏览,北京壹号庄园,均价 68000 元/㎡,,别墅 品牌地产 交通便利
房山区-长阳镇城铁篱笆房站北侧500米,总建面 21万 ㎡ 2018-03-20开盘 浏览,五和万科长阳天地,均价 50000 元/㎡,2018-03-20开盘 浏览,综合体商铺 品牌地产 交通便利
大兴区-大兴西红门镇广平大街,总建面 20.63万 ㎡ 2014年11月30日开盘 浏览,星光视界中心,均价 33000 元/㎡,2014年11月30日开盘 浏览,写字楼 品牌地产 交通便利
延庆县-京藏高速八达岭出口出西行500米,4居 建面 284 ㎡ 2010年05月01日开盘 浏览,清凉盛景,均价 42000 元/㎡,2010年05月01日开盘 浏览,别墅 品牌地产 交通便利
顺义区-机场高速杨林出口西行800米,2016年01月开盘 浏览,恒大丽宫,均价 140000 元/㎡,,别墅 品牌地产 交通便利
平谷区-南街与新平西路交叉口（永安家园北门）,4居 建面 360 ㎡ 2014年09月17日开盘 浏览,中昂邑上原著,均价 25800 元/㎡,2014年09月17日开盘 浏览,别墅 品牌地产 交通便利
海淀区-西北旺镇永丰路与后厂村路东南角200米处,4居/5居及以上 建面 255~522 ㎡ 2016年06月07日开盘 浏览,五矿万科如园,均价 130000 元/㎡,2016年06月07日开盘 浏览,普通住宅 品牌地产
顺义区-顺平路燕京桥M15号线石门站南,总建面 11.5万 ㎡ 2016年12月11日开盘 浏览,中海国际公馆,均价 42000 元/㎡,2016年12月11日开盘 浏览,综合体商铺 品牌地产 交通便利
顺义区-顺兴街11号院望尊园,4居 建面 86~282 ㎡ 2016年09月20日开盘 浏览,北辰墅院1900,均价 43000 元/㎡,2016年09月20日开盘 浏览,别墅 普通住宅 品牌地产 交通便利
朝阳区-东五环七棵树出口沿东坝中街向东1500米,4居/5居及以上 建面 279~304 ㎡ 2017年07月26日开盘 浏览,利锦府,均价 85000 元/㎡,2017年07月26日开盘 浏览,普通住宅 品牌地产 交通便利
朝阳区-朝阳区望京街10号院,总建面 7.2万 ㎡ 2013-08-31开盘 浏览,方恒时代中心,均价 85000 元/㎡,2013-08-31开盘 浏览,综合体商铺 品牌地产 交通便利
朝阳区-红坊路6号,2013-08-06开盘 浏览,江南山水,均价 60000 元/㎡,,别墅 品牌地产 交通便利
大兴区-大兴西红门宏康路与欣宁街交汇处,总建面 60万 ㎡ 2015年11月08日开盘 浏览,兴创国际中心,均价 39000 元/㎡,2015年11月08日开盘 浏览,写字楼 品牌地产 交通便利
顺义区-天竺镇薛大人庄村,2017年06月29日开盘 浏览,誉天下盛寓,均价 66277 元/㎡,,普通住宅 品牌地产 交通便利
朝阳区-东五环七棵树路口向东,2018-04-01开盘 浏览,保利首开天誉,均价 100000 元/㎡,,别墅 品牌地产 交通便利
顺义区-潮白河畔右堤路与华中路交叉口东,2015年11月07日开盘 浏览,华润八号院,均价 50000 元/㎡,,别墅 品牌地产 交通便利
平谷区-平谷区夏各庄镇,4居 建面 223~260 ㎡ 2018年06月09日开盘 浏览,北京岭秀,均价 26000 元/㎡,2018年06月09日开盘 浏览,别墅 品牌地产 交通便利
门头沟区-大峪南路与黑山大街交汇处向北600米处西侧,总建面 18万 ㎡ 2016年03月19日开盘 浏览,金泰丽湾悦栖山,均价 45000 元/㎡,2016年03月19日开盘 浏览,综合体商铺 品牌地产 交通便利
房山区-阎村镇紫码路西行,2017年08月15日开盘 浏览,天恒乐墅,均价 47000 元/㎡,,别墅 品牌地产 交通便利
昌平区-昌平线南邵站向南500米,总建面 3.3万 ㎡ 2017-10-16开盘 浏览,企业墅上区,均价 50000 元/㎡,2017-10-16开盘 浏览,综合体商铺 品牌地产 交通便利
昌平区-昌平线南邵站向南500米,总建面 3.3万 ㎡ 2015-10-01开盘 浏览,企业墅上区,均价 26000 元/㎡,2015-10-01开盘 浏览,写字楼 品牌地产 交通便利
京外旅居-站南大街与富强路交汇处,2居/3居 建面 68~136 ㎡ 住宅2017年05月28日开盘 浏览,香邑澜湾,均价 9500 元/㎡,住宅2017年05月28日开盘 浏览,普通住宅 别墅 品牌地产 交通便利
大兴区-南四环榴乡桥与德贤路交汇处东南角800米处,3居/4居 建面 128~156 ㎡ 2017年04月08日开盘 浏览,首开保利熙悦诚郡,均价 79000 元/㎡,2017年04月08日开盘 浏览,普通住宅 品牌地产 交通便利
环京-廊坊市-安次区龙泽路西龙河北岸,2居/3居 建面 75~128 ㎡ 别墅2018-03-31开盘 浏览,鸿坤理想澜湾,均价 25000 元/㎡,别墅2018-03-31开盘 浏览,普通住宅 别墅 品牌地产 交通便利
朝阳区-京密路与顺黄路交叉路口往西,2017-09-08开盘 浏览,景粼原著,均价 72000 元/㎡,,别墅 普通住宅 品牌地产 交通便利
环京-张家口市-八达岭高速沙城东出口东约3公里,4居 建面 221 ㎡ 2016年09月27日开盘 浏览,京北恒大国际文化城,均价 28000 元/㎡,2016年09月27日开盘 浏览,别墅 品牌地产 交通便利
环京-张家口市-八达岭高速沙城东出口东约3公里,总建面 3.29万 ㎡ 2017年09月04日开盘 浏览,京北恒大国际文化城,均价 10000 元/㎡,2017年09月04日开盘 浏览,社区商铺 品牌地产 交通便利
大兴区-大兴南五环外金星侨东侧金苑路与广阳大街交汇处,总建面 13.76万 ㎡ 2017年10月31日开盘 浏览,文化都汇,均价 31000 元/㎡,2017年10月31日开盘 浏览,写字楼 品牌地产 交通便利
朝阳区-东四环北路七号,4居 建面 403 ㎡ 2016年10月01日开盘 浏览,东山condo,均价 160000 元/㎡,2016年10月01日开盘 浏览,普通住宅 品牌地产 交通便利
大兴区-亦庄经济技术开发区三海子东路南海子公园路北,2017-08-27开盘 浏览,中海墅,均价 82000 元/㎡,,普通住宅 别墅 品牌地产 交通便利
亦庄开发区-亦庄经济开发区博兴西路与秦河三街交叉口（南海子东南1000米）,4居 建面 130~150 ㎡ 顺销开盘 浏览,亦庄金茂府,均价 68000 元/㎡,顺销开盘 浏览,普通住宅 品牌地产 交通便利
环京-承德市-河北省承德市兴隆县站东北400米果品线街北,2居/3居 建面 84~127 ㎡ 2017年10月1日开盘 浏览,兴隆融创城,均价 10000 元/㎡,2017年10月1日开盘 浏览,普通住宅
朝阳区-五环七棵树出口北行300米,3居 建面 230~388 ㎡ 住宅2017年03月29日开盘 浏览,首城珑玺,均价 99800 元/㎡,住宅2017年03月29日开盘 浏览,别墅 普通住宅 品牌地产 交通便利
环京-廊坊市-106国道与工兴路交口向西200米路南,1居/2居/3居 建面 74~123 ㎡ 2017年2月15日开盘 浏览,尚城国际,均价 21500 元/㎡,2017年2月15日开盘 浏览,普通住宅 品牌地产 交通便利
丰台区-西三环康庄东路与丰台东路交汇西南角,4居 建面 251 ㎡ 2015年12月06日开盘 浏览,懋源钓云台,均价 130000 元/㎡,2015年12月06日开盘 浏览,普通住宅 品牌地产 交通便利
环京-廊坊市-京沈高速西集出口香河方向3公里,2居/3居 建面 83~142 ㎡ 2013年10月01日开盘 浏览,三田雍泓青海城,均价 22000 元/㎡,2013年10月01日开盘 浏览,普通住宅 品牌地产 交通便利
通州区-通燕高速通州新城（耿庄桥）出口南200米月亮河河滨路1号,3居 建面 264~325 ㎡ 2016年06月30日开盘 浏览,月亮河七星公馆,均价 73000 元/㎡,2016年06月30日开盘 浏览,普通住宅 品牌地产 交通便利
环京-廊坊市-新开大街（五一公园南侧）,1居/2居/3居 建面 57~119 ㎡ 2017年04月25日开盘 浏览,溪语蓝湾（天琴湾二期）,均价 21000 元/㎡,2017年04月25日开盘 浏览,普通住宅 品牌地产 交通便利
通州区-宋庄镇葛渠村南,3居/5居及以上 建面 441~805 ㎡ 2017年03月18日开盘 浏览,格拉斯小镇,均价 70000 元/㎡,2017年03月18日开盘 浏览,别墅 品牌地产 交通便利
环京-廊坊市-廊坊市开发区金运路2号,2016-07-16开盘 浏览,北京荟,均价 15150 元/㎡,,普通住宅 品牌地产 交通便利
环京-张家口市-官厅水库西侧,4居/5居及以上 建面 371~800 ㎡ 2013年07月10日开盘 浏览,官厅泊爱蓝岛,均价 22000 元/㎡,2013年07月10日开盘 浏览,别墅 品牌地产 交通便利
顺义区-京承高速8号出口路东,5居及以上 建面 470 ㎡ 2016-03-23开盘 浏览,新世界丽樽,均价 55000 元/㎡,2016-03-23开盘 浏览,别墅 品牌地产 交通便利
顺义区-温榆河畔(机场杨林路口右转1公里),4居/5居及以上 建面 680~1098 ㎡ 2016年05月15日开盘 浏览,棕榈滩金棕榈,均价 91000 元/㎡,2016年05月15日开盘 浏览,别墅 品牌地产 交通便利
丰台区-西南三环嘉园路与镇国寺北街交叉口,2017-06-25开盘 浏览,玺萌壹號院,均价 98000 元/㎡,,别墅 品牌地产 交通便利
房山区-北京市房山区良乡镇良常路与京深路交口,2居/3居 建面 75~112 ㎡ 20117年11月中开盘 浏览,旭辉城,均价 39000 元/㎡,20117年11月中开盘 浏览,普通住宅 交通便利 低总价
通州区-延滨河北路向南500米路东,总建面 10.45万 ㎡ 2014-05-15开盘 浏览,长安运河,均价 60000 元/㎡,2014-05-15开盘 浏览,写字楼 品牌地产 交通便利
大兴区-大兴区地铁4号线生物医药基地站C口向南150米,总建面 6.34万 ㎡ 2017年04月19日开盘 浏览,金科果冻,均价 55000 元/㎡,2017年04月19日开盘 浏览,综合体商铺 品牌地产 交通便利
大兴区-大兴区地铁4号线生物医药基地站C口向南150米,总建面 6.34万 ㎡ 2017年04月19日开盘 浏览,金科果冻,均价 37500 元/㎡,2017年04月19日开盘 浏览,写字楼 品牌地产 交通便利
昌平区-沙河站南600米 丽春湖北岸,2018-07-29开盘 浏览,中海丽春湖墅,均价 40000 元/㎡,,别墅 普通住宅 品牌地产 交通便利
海淀区-西三旗建材中路新都汇路交汇处,总建面 5.93万 ㎡ 2012年09月23日开盘 浏览,金隅翡丽一期,均价 40000 元/㎡,2012年09月23日开盘 浏览,综合体商铺 品牌地产 交通便利
房山区-房山区苏庄大街和长虹路交叉口西北角,2018年07月01日开盘 浏览,中海京西里,均价 40837 元/㎡,,普通住宅 品牌地产 交通便利
顺义区-顺义区南法信镇顺平路与南焦路交汇处东北角50米处,总建面 9.34万 ㎡ 2017年03月01日开盘 浏览,宏远临空总部港,均价 24000 元/㎡,2017年03月01日开盘 浏览,综合体商铺 品牌地产 交通便利
顺义区-高丽营镇于庄机场北线高速与高白路交汇处向北1公里路西,2015-10-18开盘 浏览,万科观承别墅,均价 90000 元/㎡,,别墅 品牌地产
昌平区-北京市昌平区沙河,4居/5居及以上 建面 379~800 ㎡ 2017年01月21日开盘 浏览,北科建泰禾丽春湖院子,均价 60000 元/㎡,2017年01月21日开盘 浏览,别墅 品牌地产 交通便利
顺义区-火沙路与高白路交汇处向南50米路东,2011年05月18日开盘 浏览,清锦源,均价 114000 元/㎡,,别墅 品牌地产 交通便利
门头沟区-门头沟永定镇冯西园长安一号,2016年05月08日开盘 浏览,长安壹号,均价 110000 元/㎡,,别墅 品牌地产 交通便利
门头沟区-门头沟路9号,总建面 14.7万 ㎡ 2016年05月22日开盘 浏览,中昂时代广场,均价 100000 元/㎡,2016年05月22日开盘 浏览,综合体商铺 品牌地产 交通便利
房山区-东环路与文昌东路交汇处,总建面 20.92万 ㎡ 2017-12-31开盘 浏览,金隅糖街,均价 35000 元/㎡,2017-12-31开盘 浏览,写字楼 品牌地产 交通便利
昌平区-顺沙路99号院,2017年05月开盘 浏览,御汤山熙园,均价 69000 元/㎡,,别墅 品牌地产 交通便利
大兴区-宏福路与欣荣南北大街交汇西南侧,总建面 1.54万 ㎡ 2017-11-30开盘 浏览,鸿坤跃界,均价 43000 元/㎡,2017-11-30开盘 浏览,写字楼 品牌地产 交通便利
顺义区-南法信顺平路与南焦路交汇处向南50米路东,总建面 7.5万 ㎡ 2015年10月15日开盘 浏览,炫立方,均价 50000 元/㎡,2015年10月15日开盘 浏览,综合体商铺 品牌地产 交通便利
门头沟区-京密路与京平辅路交叉口西行1.5公里,4居 建面 380~495 ㎡ 2016-07-04开盘 浏览,首开琅樾,均价 92000 元/㎡,2016-07-04开盘 浏览,别墅 品牌地产 交通便利
石景山区-石景山西长安街与古城大街交汇处西南角，地铁1号线古城站南200米路西,总建面 23.01万 ㎡ 2015-12-31开盘 浏览,绿地环球文化金融城,均价 43000 元/㎡,2015-12-31开盘 浏览,写字楼 品牌地产 交通便利
顺义区-京承高速11出口向东900米路北,总建面 2.52万 ㎡ 2017年11月30日开盘 浏览,派尚国际2期,均价 26000 元/㎡,2017年11月30日开盘 浏览,写字楼 品牌地产 交通便利
顺义区-京承高速11出口向东900米路北,总建面 2.52万 ㎡ 2017年11月30日开盘 浏览,派尚国际2期,均价 48000 元/㎡,2017年11月30日开盘 浏览,综合体商铺 品牌地产 交通便利
大兴区-义和庄地铁东北口（B口）往北200米路东,总建面 40万 ㎡ 2016年12月31日开盘 浏览,泰禾中央广场,均价 67000 元/㎡,2016年12月31日开盘 浏览,综合体商铺 品牌地产 交通便利
门头沟区-新城核心区永定镇,总建面 43.75万 ㎡ 2016年08月13日开盘 浏览,中国铁建梧桐汇,均价 28000 元/㎡,2016年08月13日开盘 浏览,综合体商铺 品牌地产 交通便利
房山区-房山长阳地铁站B口南向100米,总建面 24.67万 ㎡ 2017年11月27日开盘 浏览,首开熙悦广场,均价 31000 元/㎡,2017年11月27日开盘 浏览,写字楼 品牌地产 交通便利
房山区-京良路长阳地铁站南侧,总建面 26万 ㎡ 2014年10月01日开盘 浏览,首开熙悦双子座,均价 40000 元/㎡,2014年10月01日开盘 浏览,综合体商铺 品牌地产 交通便利
西城区-西城区德外大街18号,总建面 2.85万 ㎡ 2016年12月08日开盘 浏览,中骏天宸,均价 120000 元/㎡,2016年12月08日开盘 浏览,综合体商铺 品牌地产 交通便利
环京-张家口市-河北省张家口市下花园区,2居/3居 建面 96~122 ㎡ 开盘时间待定开盘 浏览,玉墅湾,均价 12500 元/㎡,开盘时间待定开盘 浏览,普通住宅 品牌地产 交通便利
大兴区-京开高速庞各庄出口南,总建面 600万 ㎡ 2017年03月30日开盘 浏览,富力丹麦小镇,均价 25000 元/㎡,2017年03月30日开盘 浏览,综合体商铺 品牌地产 交通便利
通州区-东五环京津高速东石村桥东南700米(京津高速第一出口五百米),2018-03-31开盘 浏览,翡翠四季,均价 64000 元/㎡,,别墅 普通住宅 品牌地产 交通便利
怀柔区-怀柔镇红螺路39号,4居 建面 506 ㎡ 2016年06月06日开盘 浏览,天恒半山世家,均价 39000 元/㎡,2016年06月06日开盘 浏览,别墅 品牌地产 交通便利
密云县-密云城后街与新东路交叉口北500米,3居 建面 112~115 ㎡ 2017年06月17日开盘 浏览,首创禧悦府,均价 33000 元/㎡,2017年06月17日开盘 浏览,普通住宅 品牌地产 交通便利
丰台区-葛家村西里1号(丰桥路2号院),总建面 25.4万 ㎡ 2017年03月01日开盘 浏览,融达国际,均价 100000 元/㎡,2017年03月01日开盘 浏览,写字楼 品牌地产 交通便利
丰台区-葛家村西里1号(丰桥路2号院),总建面 25.4万 ㎡ 2017年03月01日开盘 浏览,融达国际,均价 75000 元/㎡,2017年03月01日开盘 浏览,综合体商铺 品牌地产 交通便利
丰台区-北京市丰台区芳菲路与看丹路的十 字路口,总建面 4.5万 ㎡ 2017年3月31日开盘 浏览,龙湖西宸广场,均价 50000 元/㎡,2017年3月31日开盘 浏览,综合体商铺 品牌地产 交通便利
大兴区-大兴区天宫院保利春天里南侧,总建面 22.56万 ㎡ 2017年01月开盘 浏览,保利首开熙悦春天,均价 37500 元/㎡,2017年01月开盘 浏览,社区商铺 品牌地产
丰台区-王佐镇长青路南侧,2017-11-18开盘 浏览,领秀翡翠墅,均价 57000 元/㎡,,普通住宅 别墅 品牌地产 交通便利
丰台区-丰台区宋家庄地铁站南200米,总建面 17万 ㎡ 2017-11-24开盘 浏览,北京金茂府,均价 65000 元/㎡,2017-11-24开盘 浏览,写字楼 品牌地产 交通便利
密云县-果园街道西大桥路38号北院,5居及以上 建面 329 ㎡ 2013年09月15日开盘 浏览,懿品府小区,均价 23000 元/㎡,2013年09月15日开盘 浏览,别墅 品牌地产 交通便利
朝阳区-朝阳区东三环京广桥东北角（CCTV正北50米）,3居 建面 377~388 ㎡ 2014年6月30日开盘 浏览,首创天禧,均价 180000 元/㎡,2014年6月30日开盘 浏览,普通住宅 品牌地产 交通便利
环京-张家口市-河北省张家口市下花园区,2居 建面 87 ㎡ 2017年10月开盘 浏览,阿尔卡迪亚,均价 10500 元/㎡,2017年10月开盘 浏览,普通住宅 品牌地产 交通便利
京外旅居-马洛洛岛,1居 建面 40 ㎡ 顺销开盘 浏览,中斐文化国际度假世界,均价 15000 元/㎡,顺销开盘 浏览,别墅 优惠楼盘 小户型 非毛坯
环京-廊坊市-河北省三河市燕郊开发区燕顺路北,总建面 33.21万 ㎡ 2018-03-10开盘 浏览,首尔甜城东方广场,均价 18000 元/㎡,2018-03-10开盘 浏览,写字楼 品牌地产 交通便利
朝阳区-香江北路向北1500米,3居/5居及以上 建面 468~883 ㎡ 2015年06月30日开盘 浏览,中粮瑞府,均价 120000 元/㎡,2015年06月30日开盘 浏览,别墅 品牌地产 交通便利
大兴区-大兴区黄亦路饮鹿池桥东1公里,2018年3月31日开盘 浏览,首开龙湖天琅,均价 83700 元/㎡,,别墅 品牌地产 交通便利
密云县-北京市密云区密云一中西侧100米,2017-09-23开盘 浏览,通用博园,均价 28000 元/㎡,,普通住宅 品牌地产 交通便利
京外旅居-北戴河区戴河镇金城路与戴河支路交叉口东南侧,2017年09月02日开盘 浏览,富力和园,均价 10000 元/㎡,,别墅 普通住宅 品牌地产 交通便利
大兴区-南四环榴乡桥南1400米，蒲黄榆路东,2居/3居 建面 86~174 ㎡ 2017年02月25日开盘 浏览,国韵村,均价 75000 元/㎡,2017年02月25日开盘 浏览,普通住宅 品牌地产 交通便利
环京-廊坊市-河北省廊坊市东方大学城毕升路凤河交叉口,1居/2居 建面 39~80 ㎡ 2017年9月27日开盘 浏览,廊坊孔雀城大学里峰尚,均价 8000 元/㎡,2017年9月27日开盘 浏览,普通住宅 品牌地产 交通便利
通州区-东五环化工桥向京津高速第一出口通马路向南500米路东,总建面 85万 ㎡ 2016年9月开盘 浏览,城市之光特写,均价 40000 元/㎡,2016年9月开盘 浏览,综合体商铺 品牌地产 交通便利
通州区-东五环化工桥向京津高速第一出口通马路向南500米路东,总建面 85万 ㎡ 2016年9月开盘 浏览,城市之光特写,均价 38000 元/㎡,2016年9月开盘 浏览,写字楼 品牌地产 交通便利
通州区-通州-运河核心区位于通州区通燕高速北侧耿庄桥出口北500米,总建面 6.7万 ㎡ 2017年06月30日开盘 浏览,珠江东都国际,均价 56000 元/㎡,2017年06月30日开盘 浏览,社区商铺 交通便利 非毛坯
通州区-通州-运河核心区位于通州区通燕高速北侧耿庄桥出口北500米,1居/3居/5居及以上 建面 88~177 ㎡ 2017年06月30日开盘 浏览,珠江东都国际,均价 65000 元/㎡,2017年06月30日开盘 浏览,普通住宅 品牌地产 交通便利 非毛坯
环京-廊坊市-河北省廊坊市香河县京哈高速香河东,2居/3居 建面 60~82 ㎡ 2018年4月开盘 浏览,绿地京21区,均价 12400 元/㎡,2018年4月开盘 浏览,普通住宅 交通便利 低总价
环京-保定市-京港澳高速健康城出口出向东2公里301质子研究中心北侧,3居 建面 93~98 ㎡ 顺销开盘 浏览,鸿坤理想尔湾,均价 14500 元/㎡,顺销开盘 浏览,普通住宅 品牌地产 交通便利
昌平区-昌平区南邵镇南邵地铁站,普通住宅2017年09月29日开盘 浏览,泰禾昌平拾景园,均价 55000 元/㎡,,普通住宅 别墅 品牌地产 非毛坯
门头沟区-永定镇长安街西延线南约500米,2居/3居/4居 建面 80~172 ㎡ 顺销开盘 浏览,西山燕庐,均价 63000 元/㎡,顺销开盘 浏览,普通住宅 品牌地产 交通便利
东城区-东城区霞公府街3号,2010年08月21日开盘 浏览,霞公府,均价 150000 元/㎡,,普通住宅 品牌地产 交通便利
环京-廊坊市-河北省廊坊市文安县文安镇采留线天川大楼,2居/3居 建面 92~132 ㎡ 2017年05月01日开盘 浏览,民安华府,均价 9800 元/㎡,2017年05月01日开盘 浏览,普通住宅 品牌地产 交通便利
通州区-北京市通州区永乐店镇小甸屯村漷小路与恒业二街交汇处十里春风售楼处,2居/3居 建面 79~90 ㎡ 2017年11月25日开盘 浏览,K2十里春风,均价 27800 元/㎡,2017年11月25日开盘 浏览,普通住宅 品牌地产 交通便利
大兴区-亦庄经济开发区博兴西路与秦河二街交叉口东南角（南海子东南1000米）,3居 建面 105~360 ㎡ 别墅2017年11月12日开盘 浏览,城建海梓府,均价 66000 元/㎡,别墅2017年11月12日开盘 浏览,普通住宅 别墅 品牌地产 交通便利
环京-辛集市-河北省辛集市教育路与市府街交叉,总建面 469万 ㎡ 2017年8月25日开盘 浏览,辛集国际皮革城,均价 18000 元/㎡,2017年8月25日开盘 浏览,综合体商铺 品牌地产 交通便利
环京-廊坊市-京台高速公路转廊沧高速安信出口12公里,2居 建面 87 ㎡ 顺销开盘 浏览,胜芳公园一号,均价 7500 元/㎡,顺销开盘 浏览,普通住宅 品牌地产 优惠楼盘
环京-承德市-河北省承德市承德县下板城镇朝阳路北侧,2居/3居 建面 86~109 ㎡ 顺销开盘 浏览,承德富豪国际,均价 6300 元/㎡,顺销开盘 浏览,普通住宅 低总价 小户型
环京-张家口市-张家口市宣化区恒基搅拌站公交站,2居/3居/4居 建面 89~166 ㎡ 2017年07月21日开盘 浏览,利民城上城,均价 11000 元/㎡,2017年07月21日开盘 浏览,普通住宅 品牌地产 交通便利
通州区-运河西大街与玉桥西路交汇处,3居 建面 117~149 ㎡ 已开盘开盘 浏览,通州万国城MOMA,均价 70000 元/㎡,已开盘开盘 浏览,普通住宅 品牌地产 交通便利
亦庄开发区-亦庄南海子公园北侧500米,5居及以上 建面 430 ㎡ 2017年9月开盘 浏览,棠颂别墅,均价 80000 元/㎡,2017年9月开盘 浏览,别墅 品牌地产 交通便利
环京-沧州市-河北省沧州市青县经济开发区发展大街与新华东道东行150米,2居/3居 建面 89~121 ㎡ 顺销开盘 浏览,泰合天鹅堡,均价 6900 元/㎡,顺销开盘 浏览,普通住宅 品牌地产 优惠楼盘
通州区-通州区运河东岸,总建面 4.89万 ㎡ 2017年2月25日开盘 浏览,M5运河1号,均价 45000 元/㎡,2017年2月25日开盘 浏览,综合体商铺 品牌地产 交通便利
通州区-通州区运河东岸,总建面 4.89万 ㎡ 2017年02月25日开盘 浏览,M5运河1号,均价 50000 元/㎡,2017年02月25日开盘 浏览,写字楼 品牌地产 交通便利
环京-廊坊市-河北省廊坊市燕郊镇燕顺路北一路交汇处,总建面 19.13万 ㎡ 顺销开盘 浏览,紫竹湾广场,均价 17000 元/㎡,顺销开盘 浏览,写字楼 交通便利 优惠楼盘
环京-廊坊市-河北省廊坊市辛庄道与新开路交叉口,总建面 17.34万 ㎡ 2017年08月12日开盘 浏览,廊坊四季花语,均价 10500 元/㎡,2017年08月12日开盘 浏览,综合体商铺 品牌地产 交通便利
环京-廊坊市-河北省廊坊市辛庄道与新开路交叉口,1居/2居 建面 44~74 ㎡ 2017年08月12日开盘 浏览,廊坊四季花语,均价 8500 元/㎡,2017年08月12日开盘 浏览,普通住宅 品牌地产 交通便利
京外旅居-河北省秦皇岛市北戴河新区东沙河大桥西侧,2居/3居/4居 建面 78~169 ㎡ 2017.10.1开盘 浏览,北戴河孔雀城,均价 7500 元/㎡,2017.10.1开盘 浏览,普通住宅 品牌地产 优惠楼盘
通州区-东五环化工桥京津高速2A出口南行1000米（环勃海总部基地）,1居/3居 建面 55~81 ㎡ 2017年07月21日开盘 浏览,台湖银河湾,均价 69800 元/㎡,2017年07月21日开盘 浏览,普通住宅 品牌地产 交通便利
丰台区-北京市丰台区园博园南路路北500米,3居/4居 建面 125~185 ㎡ 2017年06月10日开盘 浏览,金隅西山甲一号,均价 69500 元/㎡,2017年06月10日开盘 浏览,普通住宅 交通便利 非毛坯
通州区-通州区滨榆东路2号院,总建面 11.39万 ㎡ 顺销开盘 浏览,朝北8080,均价 33000 元/㎡,顺销开盘 浏览,写字楼 品牌地产 交通便利
大兴区-亦庄经济开发区东区经海三路与科创十二街交汇处,1居/2居/3居 建面 53~90 ㎡ 2017年03月04日开盘 浏览,通泰国际公馆,均价 58000 元/㎡,2017年03月04日开盘 浏览,普通住宅 品牌地产 交通便利
大兴区-榆垡镇京开高速（106国道段）东侧、榆垡路北侧,2014年09月20日开盘 浏览,首开璞瑅墅,均价 35000 元/㎡,,别墅 品牌地产 交通便利
大兴区-大兴区磁各庄出口南1200米，南中轴路西侧,总建面 13.6万 ㎡ 2014-07-07开盘 浏览,首创悦都汇,均价 35000 元/㎡,2014-07-07开盘 浏览,综合体商铺 品牌地产 交通便利
大兴区-大兴区磁各庄出口南1200米，南中轴路西侧,总建面 13.6万 ㎡ 2014-07-07开盘 浏览,首创悦都汇,均价 25000 元/㎡,2014-07-07开盘 浏览,写字楼 品牌地产 交通便利
环京-廊坊市-香河京哈（京沈）高速香河东出口右转即达,2居/4居/5居及以上 建面 70~191 ㎡ 住宅2017年03月19日开盘 浏览,大爱城,均价 32000 元/㎡,住宅2017年03月19日开盘 浏览,普通住宅 别墅 品牌地产 交通便利
环京-廊坊市-香河京哈（京沈）高速香河东出口右转即达,总建面 48.9万 ㎡ 2015年05月31日开盘 浏览,大爱城,均价 24000 元/㎡,2015年05月31日开盘 浏览,社区商铺 品牌地产 交通便利
昌平区-昌平京藏高速30（昌平城区）出口向东，南环大桥东侧1000米,3居 建面 95~150 ㎡ 2015-04-01开盘 浏览,北京风景,均价 48000 元/㎡,2015-04-01开盘 浏览,普通住宅 品牌地产 交通便利
通州区-京通快速路八里桥出口向南1000米,2014年12月16日开盘 浏览,京贸国际公馆,均价 71000 元/㎡,,普通住宅 品牌地产 交通便利
朝阳区-农展馆北路8号,3居 建面 249 ㎡ 2017年03月01日开盘 浏览,北京壹号院,均价 170000 元/㎡,2017年03月01日开盘 浏览,普通住宅 品牌地产 交通便利
大兴区-大兴兴亦路京开高速东侧,2居/3居 建面 102~178 ㎡ 2017年02月26日开盘 浏览,绿地海珀云翡,均价 70000 元/㎡,2017年02月26日开盘 浏览,普通住宅 品牌地产 交通便利
通州区-窑管路于通顺路交叉口向西500米,3居 建面 90~105 ㎡ 2017年11月05日开盘 浏览,首开香溪郡,均价 47000 元/㎡,2017年11月05日开盘 浏览,普通住宅 品牌地产 交通便利
朝阳区-广渠门外大街7号院,总建面 1万 ㎡ 2017-03-01开盘 浏览,富力城19街,均价 60000 元/㎡,2017-03-01开盘 浏览,综合体商铺 品牌地产 交通便利
密云县-密关路36号院,4居 建面 237~289 ㎡ 2016年01月01日开盘 浏览,远大美域,均价 19000 元/㎡,2016年01月01日开盘 浏览,别墅 品牌地产 交通便利
通州区-朝阳北路东端与温榆河交汇处(北京物资学院北侧),4居 建面 262 ㎡ 2012年12月24日开盘 浏览,8哩岛,均价 50000 元/㎡,2012年12月24日开盘 浏览,普通住宅 品牌地产 交通便利
通州区-通州光机电一体化产业基地嘉创路10号,总建面 4.5万 ㎡ 2015年10月01日开盘 浏览,枢密院,均价 29000 元/㎡,2015年10月01日开盘 浏览,写字楼 品牌地产 交通便利
通州区-通州光机电一体化产业基地嘉创路10号,总建面 4.5万 ㎡ 2015年10月01日开盘 浏览,枢密院,均价 32500 元/㎡,2015年10月01日开盘 浏览,综合体商铺 品牌地产 交通便利
丰台区-西局东方威尼斯酒店西侧(西局玉璞园东侧),2015-10-28开盘 浏览,西宸原著,均价 100000 元/㎡,,普通住宅 品牌地产 交通便利
丰台区-西局东方威尼斯酒店西侧(西局玉璞园东侧),总建面 14.9万 ㎡ 2017年07月01日开盘 浏览,西宸原著,均价 70000 元/㎡,2017年07月01日开盘 浏览,综合体商铺 品牌地产 交通便利
通州区-京津高速过台湖收费站第一个出口即到,2017年03月22日开盘 浏览,首开缇香郡,均价 38500 元/㎡,,别墅 品牌地产 交通便利
通州区-潞西路与兴光二街交汇处,3居/5居及以上 建面 350~375 ㎡ 2017年05月31日开盘 浏览,阳光城京兆府,均价 48000 元/㎡,2017年05月31日开盘 浏览,别墅 品牌地产 交通便利
朝阳区-北四环四元桥东北角（宜家家居斜对面）,3居/4居/5居及以上 建面 511~513 ㎡ 2012年12月19日开盘 浏览,顺景石上清泉,均价 81000 元/㎡,2012年12月19日开盘 浏览,普通住宅 品牌地产 交通便利
环京-廊坊市-河北省廊坊市东方大学城毕升路凤河交叉口,2居/3居 建面 59~138 ㎡ 2017年03月18日开盘 浏览,廊坊花语城,均价 14500 元/㎡,2017年03月18日开盘 浏览,普通住宅 品牌地产 交通便利
环京-廊坊市-河北省廊坊市东方大学城毕升路凤河交叉口,总建面 5.94万 ㎡ 2017年03月18日开盘 浏览,廊坊花语城,均价 16000 元/㎡,2017年03月18日开盘 浏览,综合体商铺 品牌地产 交通便利
环京-张家口市-河北省张家口市下花园区,2居/3居 建面 84~95 ㎡ 预计2017年7月底开盘 浏览,诺丁山公馆,均价 13000 元/㎡,预计2017年7月底开盘 浏览,普通住宅 品牌地产 低总价 小户型
通州区-台湖镇铺外路（北京图书城北侧）,总建面 19.83万 ㎡ 2015年12月31日开盘 浏览,东亚尚品台湖,均价 40000 元/㎡,2015年12月31日开盘 浏览,写字楼 品牌地产 交通便利
通州区-台湖镇铺外路（北京图书城北侧）,总建面 19.83万 ㎡ 2015年12月31日开盘 浏览,东亚尚品台湖,均价 55000 元/㎡,2015年12月31日开盘 浏览,综合体商铺 品牌地产 交通便利 小户型
环京-廊坊市-河北省廊坊市香河县京哈高速香河出口,2居/3居 建面 95~108 ㎡ 顺销开盘 浏览,鸿坤原乡溪谷,均价 16000 元/㎡,顺销开盘 浏览,普通住宅 品牌地产 交通便利 低总价
环京-保定市-保定市涞水县天鹅湖生态旅游风景区,2017年04月26日开盘 浏览,天鹅湖,均价 16000 元/㎡,,普通住宅 公寓 品牌地产 交通便利
环京-沧州市-河北省肃宁大广高速尚村出口东侧2公里,总建面 3000万 ㎡ 2017年09月30日开盘 浏览,尚村中国裘皮城,均价 11500 元/㎡,2017年09月30日开盘 浏览,综合体商铺 交通便利 低总价
朝阳区-建国路乙108号,2居 建面 188~260 ㎡ 顺销开盘 浏览,梵悦108,均价 180000 元/㎡,顺销开盘 浏览,普通住宅 品牌地产 交通便利
海淀区-永丰路与北清路交汇处东北角，中关村壹号北侧公园中,4居 建面 211~252 ㎡ 顺销开盘 浏览,首创天阅西山,均价 80000 元/㎡,顺销开盘 浏览,普通住宅 品牌地产 交通便利
丰台区-北京市丰台区王佐镇青龙湖公园东侧,3居/4居/5居及以上 建面 118~585 ㎡ 2017年，2018年7月开盘 浏览,燕西华府,均价 50000 元/㎡,2017年，2018年7月开盘 浏览,别墅 品牌地产 交通便利
丰台区-菜户营桥向西500米路南,1居 建面 74~165 ㎡ 2017年03月25日开盘 浏览,首创中心天阅公馆,均价 86000 元/㎡,2017年03月25日开盘 浏览,普通住宅 品牌地产 交通便利 小户型 非毛坯
朝阳区-北京市朝阳区久文路6号院,总建面 15.7万 ㎡ 2016年12月开盘 浏览,宇达mini空间,均价 35000 元/㎡,2016年12月开盘 浏览,综合体商铺 品牌地产 交通便利
环京-廊坊市-河北省廊坊市永清县韩村镇国瑞生态城售楼处,2居/3居/4居 建面 86~130 ㎡ 2016年06月25日开盘 浏览,永清国瑞生态城,均价 9500 元/㎡,2016年06月25日开盘 浏览,别墅 品牌地产 交通便利
朝阳区-北京市朝阳区肖村路,2居/3居 建面 83~107 ㎡ 2017年12月17日开盘 浏览,首开住总熙悦安郡,均价 81000 元/㎡,2017年12月17日开盘 浏览,普通住宅 品牌地产 交通便利
密云县-密云区密云水库旁,2017年10月21日开盘 浏览,万科弗农小镇,均价 27000 元/㎡,,别墅 普通住宅 品牌地产 交通便利
环京-石家庄市-石家庄市长安区兆通南路与天山大街交口西北角,1居 建面 50 ㎡ 顺销开盘 浏览,石家庄乐城国际商贸城,均价 13500 元/㎡,顺销开盘 浏览,普通住宅 优惠楼盘 非毛坯
环京-石家庄市-石家庄市长安区兆通南路与天山大街交口西北角,总建面 1650万 ㎡ 顺销开盘 浏览,石家庄乐城国际商贸城,均价 20000 元/㎡,顺销开盘 浏览,综合体商铺 交通便利 非毛坯
环京-石家庄市-石家庄市长安区兆通南路与天山大街交口西北角,总建面 1650万 ㎡ 顺销开盘 浏览,石家庄乐城国际商贸城,均价 14000 元/㎡,顺销开盘 浏览,写字楼 交通便利 优惠楼盘
环京-廊坊市-河北省廊坊市香河县蒋辛屯镇五矿万科城,2居 建面 75 ㎡ 2016年12月31日开盘 浏览,五矿万科城,均价 22000 元/㎡,2016年12月31日开盘 浏览,普通住宅 别墅 品牌地产 交通便利
密云县-密溪路39号院,2011年06月30日开盘 浏览,观唐云鼎,均价 28000 元/㎡,,别墅 品牌地产 交通便利
天津市-天津市武清区龙凤新城,2017年11月25日开盘 浏览,天津恒大山水城,均价 16500 元/㎡,,普通住宅 品牌地产
丰台区-北京市丰台区西南五环外长辛店长云路2号,2018年01月13日开盘 浏览,珠光御景西园,均价 45000 元/㎡,,普通住宅 品牌地产 交通便利
环京-保定市-保定市涞水新城,2016年04月09日开盘 浏览,华银城,均价 9000 元/㎡,,普通住宅 品牌地产 交通便利
通州区-通州区东关大桥南200米,2居/3居 建面 75~114 ㎡ 顺销开盘 浏览,合景中心,均价 65000 元/㎡,顺销开盘 浏览,公寓 品牌地产 交通便利
环京-廊坊市-河北省廊坊市香河县蒋辛屯镇大香线与蒋北路交叉处,总建面 56万 ㎡ 2017年9月5日开盘 浏览,香河荣盛阿尔卡迪亚花语城（白鹭岛）,均价 11000 元/㎡,2017年9月5日开盘 浏览,综合体商铺 品牌地产 交通便利
密云县-北京市密云区密关路与313省道交汇处,3居 建面 110 ㎡ 顺销开盘 浏览,北京源墅,均价 23500 元/㎡,顺销开盘 浏览,普通住宅 优惠楼盘 旅游地产
大兴区-大兴孙村镇空港生活区，盛顺街与海鑫南路交叉口西北角,2017年03月10日开盘 浏览,华远和墅,均价 60000 元/㎡,,别墅 品牌地产 交通便利
大兴区-大兴区瀛海镇镇区北街与经二路交口处西南角,3居 建面 90 ㎡ 2018年6月10日开盘 浏览,远洋万和斐丽,均价 53000 元/㎡,2018年6月10日开盘 浏览,普通住宅 品牌地产 交通便利
环京-张家口市-怀来县京藏高速东花园出口南向约500米,总建面 9.8万 ㎡ 2018年4月21日开盘 浏览,八达岭孔雀城,均价 11000 元/㎡,2018年4月21日开盘 浏览,写字楼 品牌地产 旅游地产
环京-承德市-河北省承德市滦平县金山岭风景区西1000米,2居/3居/4居 建面 98~214 ㎡ 2018年7月开盘 浏览,恒大长城小镇,均价 13000 元/㎡,2018年7月开盘 浏览,普通住宅 品牌地产 旅游地产
环京-张家口市-河北省张家口市沽源县新城南街与滦河路交叉口西南角,1居 建面 46 ㎡ 2017/5/1开盘 浏览,坝上草原明珠（新合作酒店式公寓）,均价 6956 元/㎡,2017/5/1开盘 浏览,公寓 低总价 旅游地产
环京-张家口市-河北省张家口市怀来县小南辛堡镇小七营村上谷水郡售楼处,3居 建面 168 ㎡ 2016年08月31日开盘 浏览,上谷水郡,均价 15500 元/㎡,2016年08月31日开盘 浏览,普通住宅 别墅 交通便利 旅游地产
环京-张家口市-张家口市赤城县南山路与宪民路交汇处,2居 建面 97 ㎡ 2018年04月开盘 浏览,天洲印象,均价 6500 元/㎡,2018年04月开盘 浏览,普通住宅 交通便利 低总价 旅游地产
环京-承德市-河北省承德市丰宁县南关乡横河村,1居/2居/3居 建面 64~136 ㎡ 2018/7/15开盘 浏览,陌上花开,均价 11000 元/㎡,2018/7/15开盘 浏览,普通住宅 交通便利 低总价 旅游地产
环京-保定市-涞水县东大街与东环交口西行100米路北,2居/3居 建面 89~126 ㎡ 2015年6月21日开盘 浏览,盛景华庭,均价 8000 元/㎡,2015年6月21日开盘 浏览,普通住宅 品牌地产 交通便利
天津市-天津市武清区泗村店镇龙凤新城大东路北侧,4居/5居及以上 建面 155~194 ㎡ 顺销开盘 浏览,鑫苑汤泉世家,均价 15000 元/㎡,顺销开盘 浏览,普通住宅 交通便利 旅游地产
京外旅居-北戴河新区滨海新大道和香海湾路交汇处东南角,2居 建面 80 ㎡ 2018.8开盘 浏览,万科拾光海湾,均价 12000 元/㎡,2018.8开盘 浏览,普通住宅 交通便利 旅游地产
通州区-通燕高速与新华北路交叉口东北（6号线通州北关站）,3居/4居 建面 128~275 ㎡ 2017/11/16开盘 浏览,万科大都会滨江N2,均价 65000 元/㎡,2017/11/16开盘 浏览,公寓 品牌地产 交通便利 非毛坯
昌平区-定泗路，京承高速北七家出口以西,2011年09月3日开盘 浏览,京基鹭府,均价 51000 元/㎡,,别墅 品牌地产 交通便利
海淀区-阜石路与上庄大街交汇东南200米,2居/3居 建面 98~138 ㎡ 预计2017年11月15日开盘 浏览,金玉府,均价 82000 元/㎡,预计2017年11月15日开盘 浏览,普通住宅 品牌地产 交通便利
丰台区-南四环公益西桥南行3500米,2居/3居 建面 88~129 ㎡ 2018年02月26日开盘 浏览,公园懿府,均价 74000 元/㎡,2018年02月26日开盘 浏览,普通住宅 品牌地产 交通便利 非毛坯
海淀区-安宁庄东路（八达岭高速西三旗出口出向西第一个红绿灯向南即到,1居/2居 建面 44~108 ㎡ 2017-08-01开盘 浏览,上林溪,均价 85000 元/㎡,2017-08-01开盘 浏览,普通住宅 品牌地产 交通便利
丰台区-北京市丰台区南四环公益西桥2.5公里,3居/4居 建面 126~150 ㎡ 2017年11月12日开盘 浏览,中粮天恒天悦壹号,均价 80000 元/㎡,2017年11月12日开盘 浏览,普通住宅 品牌地产 交通便利
东城区-东二环左安门桥龙潭湖向南800米,4居 建面 236 ㎡ 2015年12月31日开盘 浏览,首开璞瑅公馆,均价 110000 元/㎡,2015年12月31日开盘 浏览,普通住宅 品牌地产 交通便利
环京-张家口市-河北省张家口市怀来县官厅水库南拉斐水岸,总建面 106万 ㎡ 2017年06月01日开盘 浏览,拉斐水岸,均价 22000 元/㎡,2017年06月01日开盘 浏览,综合体商铺 交通便利 非毛坯
环京-张家口市-河北省张家口市怀来县官厅水库南拉斐水岸,2居/3居/5居及以上 建面 88~305 ㎡ 2017年06月01日开盘 浏览,拉斐水岸,均价 15000 元/㎡,2017年06月01日开盘 浏览,普通住宅 别墅 品牌地产 交通便利
朝阳区-北京市朝阳区霄云路8号,4居/5居及以上 建面 450~520 ㎡ 2012年6月14号开盘 浏览,霄云路8号,均价 160000 元/㎡,2012年6月14号开盘 浏览,普通住宅 品牌地产 交通便利
丰台区-北京市丰台区南四环公益西桥2.5公里,2018-02-12开盘 浏览,金府大院,均价 80000 元/㎡,,普通住宅 品牌地产 交通便利
大兴区-南中轴路魏善庄中学北侧,2居 建面 88 ㎡ 2017年03月04日开盘 浏览,一品嘉园,均价 38000 元/㎡,2017年03月04日开盘 浏览,普通住宅 品牌地产 交通便利
环京-张家口市-延庆石峡关景区西侧（京藏高速康庄65出口）,2居/3居 建面 86~164 ㎡ 别墅2017年05月01日开盘 浏览,永恒长城里,均价 22000 元/㎡,别墅2017年05月01日开盘 浏览,别墅 普通住宅 品牌地产 交通便利
通州区-东北五环外温榆河墅区,2017年08月15日开盘 浏览,融创千章墅,均价 48000 元/㎡,,别墅 品牌地产 交通便利
密云县-古北水镇古北口检查站东,2016年06月10日开盘 浏览,长城脚下饮马川,均价 31000 元/㎡,,别墅 交通便利 优惠楼盘
环京-保定市-河北省保定市易县清西陵景区内,别墅2017年04月01日开盘 浏览,翠湖院子,均价 14000 元/㎡,,别墅 普通住宅 品牌地产 交通便利
朝阳区-东北五环南影路，中国电影博物馆东北角,3居/4居 建面 310~624 ㎡ 2015年11月28日开盘 浏览,红廷别墅,均价 95000 元/㎡,2015年11月28日开盘 浏览,别墅 交通便利 优惠楼盘
环京-承德市-兴隆县汉沟路与南环路交叉口西（原汇丰物流）,2居/3居 建面 78~112 ㎡ 2017年10月1日开盘 浏览,兴隆荣盛阿尔卡迪亚雾灵山,均价 9000 元/㎡,2017年10月1日开盘 浏览,普通住宅 品牌地产 交通便利
天津市-天津市武清区东马圈镇,2居 建面 84 ㎡ 顺销开盘 浏览,和骏新家园,均价 9500 元/㎡,顺销开盘 浏览,普通住宅 优惠楼盘 旅游地产
环京-廊坊市-河北省廊坊市大厂县大福北路南侧，首创大街东侧,总建面 5.95万 ㎡ 顺销开盘 浏览,路劲阳光城,均价 22000 元/㎡,顺销开盘 浏览,社区商铺 品牌地产 交通便利
环京-廊坊市-河北省廊坊市大厂县大福北路南侧，首创大街东侧,3居 建面 124~127 ㎡ 顺销开盘 浏览,路劲阳光城,均价 22000 元/㎡,顺销开盘 浏览,别墅 品牌地产 交通便利
环京-张家口市-张家口市怀来县官亭镇官厅水库东南岸,4居 建面 44~353 ㎡ 2016-6-24开盘 浏览,广安官厅公共艺术小镇,均价 20000 元/㎡,2016-6-24开盘 浏览,别墅 普通住宅 品牌地产 交通便利
环京-张家口市-怀来县京藏高速东花园出口南向约500米,2居/3居 建面 41~64 ㎡ 2018年04月21日开盘 浏览,八达岭孔雀城,均价 10500 元/㎡,2018年04月21日开盘 浏览,公寓 品牌地产 优惠楼盘
亦庄开发区-荣华中路与荣京西街交汇处西南角,1居/3居/4居 建面 142~305 ㎡ 暂定开盘 浏览,国锐金嵿,均价 88000 元/㎡,暂定开盘 浏览,普通住宅 品牌地产 交通便利
通州区-北京市通州区台湖镇嘉创二路与兴光三街交汇处,4居 建面 155~175 ㎡ 顺销开盘 浏览,润枫领尚,均价 54000 元/㎡,顺销开盘 浏览,普通住宅 品牌地产 交通便利
环京-保定市-河北 省（直辖市） 涿州 市 平安街与永济中路交汇处,1居/2居/3居 建面 61~135 ㎡ 顺销开盘 浏览,翡翠滨江,均价 13000 元/㎡,顺销开盘 浏览,普通住宅 优惠楼盘 旅游地产
环京-廊坊市-河北省廊坊市香河县京哈高速香河出口右转2000米,总建面 23万 ㎡ 2018年4月开盘 浏览,河畔汇,均价 16000 元/㎡,2018年4月开盘 浏览,综合体商铺 交通便利 低总价
环京-保定市-农业高新技术产业示范区核心区内规划馆旁,2居/3居 建面 83~115 ㎡ 2017年02月17日开盘 浏览,桃源新都孔雀城,均价 11500 元/㎡,2017年02月17日开盘 浏览,普通住宅 品牌地产 交通便利
通州区-京杭大运河西岸,总建面 46.58万 ㎡ 2017年06月24日开盘 浏览,通州富力中心,均价 95000 元/㎡,2017年06月24日开盘 浏览,综合体商铺 品牌地产 交通便利
通州区-京杭大运河西岸,总建面 46.58万 ㎡ 2017年06月24日开盘 浏览,通州富力中心,均价 52000 元/㎡,2017年06月24日开盘 浏览,写字楼 品牌地产 交通便利
环京-廊坊市-京哈高速香河出口北2公里处,2居/3居/4居 建面 75~125 ㎡ 2017年03月11日开盘 浏览,大运河温莎郡运河九里,均价 15000 元/㎡,2017年03月11日开盘 浏览,普通住宅 品牌地产 交通便利
环京-廊坊市-河北省廊坊市文安县经济技术开发区内迎宾大道北侧，腾飞大街西侧，友谊路东侧，科创东道南侧,4居 建面 177~203 ㎡ 2017年11月25日开盘 浏览,新文安孔雀城,均价 16000 元/㎡,2017年11月25日开盘 浏览,普通住宅 别墅 品牌地产 交通便利
京外旅居-辽宁东戴河新区渤海大街北侧、东戴河大街西侧,2居/3居 建面 91~107 ㎡ 2017.6开盘 浏览,金丝新天地,均价 4580 元/㎡,2017.6开盘 浏览,普通住宅 交通便利 旅游地产
环京-廊坊市-河北省廊坊市大厂县迎宾大道,1居/2居/3居 建面 88~218 ㎡ 顺销开盘 浏览,早安北京,均价 18000 元/㎡,顺销开盘 浏览,普通住宅 品牌地产 交通便利
环京-廊坊市-河北省霸州市泰山路518号,3居/4居 建面 161~233 ㎡ 2016年01月17日开盘 浏览,恒天枫溪郡,均价 18500 元/㎡,2016年01月17日开盘 浏览,别墅 品牌地产 交通便利 优惠楼盘
大兴区-大兴采育镇采凤路与采辛路交汇出东侧,2017年10月28日开盘 浏览,兴创荣墅,均价 33000 元/㎡,,别墅 品牌地产 交通便利
环京-廊坊市-河北省廊坊市大厂县大福北路南侧，首创大街东侧,3居/4居 建面 92~121 ㎡ 顺销开盘 浏览,路劲阳光城（高层）,均价 12500 元/㎡,顺销开盘 浏览,普通住宅 交通便利 优惠楼盘 低总价
-京津高速永乐店收费站前方1公里京津同城出口即到,总建面 300万 ㎡ 2017年06月10日开盘 浏览,首创国际半岛,均价 17000 元/㎡,2017年06月10日开盘 浏览,综合体商铺 品牌地产 交通便利
环京-张家口市-河北省怀来县桑园镇大唐温泉南侧,1居 建面 34~61 ㎡ 顺销开盘 浏览,蓝花谷45度温泉小镇,均价 12000 元/㎡,顺销开盘 浏览,公寓 优惠楼盘 小户型 旅游地产
京外旅居-山东省威海乳山市滨海旅游度假区嘉盛苑售楼中心西门,2居 建面 63 ㎡ 顺销开盘 浏览,山东银滩嘉盛苑,均价 6800 元/㎡,顺销开盘 浏览,普通住宅 交通便利 旅游地产
天津市-天津市蓟州区迎宾大街与黄花山语南侧300米,3居/4居 建面 120~158 ㎡ 2017年10月17日开盘 浏览,鸿坤山语墅,均价 14500 元/㎡,2017年10月17日开盘 浏览,普通住宅 别墅 品牌地产 低总价 小户型
大兴区-东五环大羊坊桥东南角,2016-03-26开盘 浏览,和成璟园,均价 63000 元/㎡,,普通住宅 品牌地产 交通便利
环京-廊坊市-106国道与农兴路交叉口西行300米路南(英皇娱乐西),1居/2居 建面 47~74 ㎡ 2017.12.10开盘 浏览,中盛星河湾,均价 9980 元/㎡,2017.12.10开盘 浏览,公寓 交通便利 优惠楼盘
环京-廊坊市-河北省廊坊市永清县台湾工业新城李黄庄村西,2居/3居 建面 84~105 ㎡ 2018年03月20日开盘 浏览,碧桂园悦融华,均价 13500 元/㎡,2018年03月20日开盘 浏览,普通住宅 品牌地产 旅游地产
环京-廊坊市-霸州市112国道与兴华路交叉口300米路北,2居/3居 建面 87~133 ㎡ 顺销开盘 浏览,锦绣华府,均价 10000 元/㎡,顺销开盘 浏览,普通住宅 品牌地产 旅游地产
天津市-天津市宝坻区潮白河与青龙湾交汇处宝白公路西侧,2居/3居 建面 76~106 ㎡ 2017年11月开盘 浏览,远大城,均价 9000 元/㎡,2017年11月开盘 浏览,普通住宅 品牌地产 旅游地产
环京-保定市-G4京港澳高速琉璃河出口出走107国道到永济公园,2居/3居 建面 99~135 ㎡ 顺销开盘 浏览,孔雀城悦澜湾,均价 14500 元/㎡,顺销开盘 浏览,普通住宅 品牌地产 交通便利
环京-保定市-河北省保定市望都县振兴北街坦克路交汇处,3居 建面 107~129 ㎡ 顺销开盘 浏览,北城华府,均价 5800 元/㎡,顺销开盘 浏览,普通住宅 品牌地产 交通便利
环京-张家口市-河北省张家口市西环路赐儿山隧道南碧桂园森林海销售中心,2居/3居 建面 85~122 ㎡ 2017年12月1日开盘 浏览,碧桂园森林海,均价 9350 元/㎡,2017年12月1日开盘 浏览,普通住宅 品牌地产 旅游地产
环京-廊坊市-廊坊市万庄镇纬一道以北，经一路以东,3居 建面 107~128 ㎡ 2017年07月07日开盘 浏览,京和园,均价 14000 元/㎡,2017年07月07日开盘 浏览,普通住宅 交通便利 优惠楼盘
环京-廊坊市-河北省大城县新华西街毓秀中学，二小对面,3居 建面 104 ㎡ 2018年05月19日开盘 浏览,万澎公馆,均价 8000 元/㎡,2018年05月19日开盘 浏览,普通住宅 交通便利 旅游地产
环京-保定市-河北省保定市涞水县G9511高速西出口,1居/2居/3居 建面 46~90 ㎡ 2018年01月20日开盘 浏览,香槟怡园,均价 9000 元/㎡,2018年01月20日开盘 浏览,普通住宅 交通便利 低总价
环京-石家庄市-河北石家庄长安区建设北大街38号,总建面 15万 ㎡ 顺销开盘 浏览,新源蜂巢,均价 26000 元/㎡,顺销开盘 浏览,综合体商铺 品牌地产 交通便利
环京-张家口市-张家口市怀来县官厅湖桑园温泉养生区,2居/3居 建面 88~140 ㎡ 顺销开盘 浏览,碧桂园官厅蓝,均价 12000 元/㎡,顺销开盘 浏览,普通住宅 交通便利 旅游地产
-天津市宝坻区京津新城,2居 建面 86~89 ㎡ 顺销开盘 浏览,香江健康小镇,均价 9500 元/㎡,顺销开盘 浏览,普通住宅 交通便利 旅游地产
环京-保定市-河北省高碑店市白沟新城京白路芙蓉公园对面,总建面 11万 ㎡ 2018年03月01日开盘 浏览,万兴达广场,均价 11000 元/㎡,2018年03月01日开盘 浏览,综合体商铺 交通便利 低总价
京外旅居-海南文昌文清大道255号,2居/3居 建面 79~123 ㎡ 2018年01月01日开盘 浏览,顺鑫富海家园,均价 15000 元/㎡,2018年01月01日开盘 浏览,普通住宅 交通便利 优惠楼盘 旅游地产
环京-廊坊市-霸州市裕华西道大何庄（开发区小学西侧）漫香郡营销中心,2居/3居 建面 87~153 ㎡ 顺销开盘 浏览,漫香郡,均价 13000 元/㎡,顺销开盘 浏览,普通住宅 品牌地产 交通便利
环京-张家口市-河北省张家口市经开区胜利南路（张家口职业技术学院）对面,2居/3居 建面 97~124 ㎡ 2018.4月开盘 浏览,晟嘉理想湾,均价 15000 元/㎡,2018.4月开盘 浏览,普通住宅 交通便利 旅游地产
环京-张家口市-张家口市涿鹿县，矾山镇。,2居/3居/4居 建面 91~158 ㎡ 2018.5.10开盘 浏览,官厅众缘郦墅,均价 9300 元/㎡,2018.5.10开盘 浏览,普通住宅 交通便利 旅游地产
环京-张家口市-张家口市下花园区西苑路东侧,3居 建面 99 ㎡ 2017年09月06日开盘 浏览,山水逸,均价 9500 元/㎡,2017年09月06日开盘 浏览,普通住宅 品牌地产 旅游地产
环京-保定市-河北省保定市竞秀区锦绣街与鲁岗路交叉口西北角,总建面 18.53万 ㎡ 顺销开盘 浏览,碧桂园璟公馆,均价 14500 元/㎡,顺销开盘 浏览,写字楼 品牌地产 交通便利
昌平区-昌平新城地铁南邵站向东,总建面 6万 ㎡ 顺销开盘 浏览,路劲世界城,均价 28000 元/㎡,顺销开盘 浏览,写字楼 交通便利 低总价
环京-承德市-承德市滦平县金山岭服务区西侧,1居/2居/3居 建面 39~99 ㎡ 2017年05月28日开盘 浏览,融和城天纳山,均价 20000 元/㎡,2017年05月28日开盘 浏览,别墅
环京-石家庄市-河北省石家庄市平山县温塘镇,2居 建面 91 ㎡ 2018年03月01日开盘 浏览,清清世界温泉小镇,均价 4500 元/㎡,2018年03月01日开盘 浏览,普通住宅 交通便利 旅游地产
环京-唐山市-曹妃甸区唐山湾生态城新港大道以南，绿珠河以东,总建面 6.52万 ㎡ 2018年02月04日开盘 浏览,新港国际广场,均价 8000 元/㎡,2018年02月04日开盘 浏览,综合体商铺 交通便利 优惠楼盘 旅游地产
京外旅居-辽宁省东戴河新区渤海大街南侧，科技街西侧,2居/3居 建面 76~113 ㎡ 顺销开盘 浏览,海岸壹号,均价 3800 元/㎡,顺销开盘 浏览,普通住宅 品牌地产 旅游地产
环京-廊坊市-顺义区仁和镇军营村西环路东侧,2居/3居/4居 建面 42~76 ㎡ 顺销开盘 浏览,金地未未来,均价 23000 元/㎡,顺销开盘 浏览,普通住宅 品牌地产 交通便利
环京-保定市-河北省保定涞水县野三坡,2居/3居 建面 83~170 ㎡ 顺销开盘 浏览,荣盛康旅野三坡国际度假区,均价 9000 元/㎡,顺销开盘 浏览,别墅 品牌地产 旅游地产
环京-保定市-河北省保定市易县,4居/5居及以上 建面 231~271 ㎡ 顺销开盘 浏览,燕水湾,均价 13000 元/㎡,顺销开盘 浏览,别墅 优惠楼盘 旅游地产
环京-沧州市-河北省沧州市任丘市会战北道,1居/2居 建面 1~132 ㎡ 2018年03月开盘 浏览,京南互联网大厦,均价 9000 元/㎡,2018年03月开盘 浏览,公寓 交通便利 低总价
环京-沧州市-河北省沧州市任丘市会战北道,总建面 27万 ㎡ 2018年03月开盘 浏览,京南互联网大厦,均价 11500 元/㎡,2018年03月开盘 浏览,社区商铺 交通便利 低总价
环京-保定市-涞水县府前街东侧路北,2居/3居 建面 98~126 ㎡ 顺销开盘 浏览,滨河新东城,均价 9000 元/㎡,顺销开盘 浏览,普通住宅 交通便利 旅游地产
环京-廊坊市-固安县106国道与兴旺街交叉口西北角,2居/3居 建面 87~94 ㎡ 2018-6-20开盘 浏览,红杉郡,均价 13000 元/㎡,2018-6-20开盘 浏览,普通住宅 交通便利 旅游地产
环京-张家口市-河北省张家口市怀来县官厅镇官厅水库东南岸,5居及以上 建面 237 ㎡ 顺销开盘 浏览,观澜墅,均价 15000 元/㎡,顺销开盘 浏览,别墅 交通便利 优惠楼盘 旅游地产
大兴区-荣华北路与文化园东路交叉口,总建面 495.3万 ㎡ 2016年09月29日开盘 浏览,林肯公园,均价 65000 元/㎡,2016年09月29日开盘 浏览,综合体商铺 品牌地产 交通便利
环京-廊坊市-迎宾大道西侧，工兴路南侧,2018年8月4日开盘 浏览,莱茵河谷,均价 15000 元/㎡,,普通住宅 品牌地产 交通便利
天津市-天津市蓟州区人民西大街与盘龙路交汇路口东南侧,3居 建面 99~123 ㎡ 2017年12月09日开盘 浏览,鸿坤花语墅,均价 13617 元/㎡,2017年12月09日开盘 浏览,普通住宅 别墅 品牌地产 低总价 小户型
环京-廊坊市-河北省三河市燕郊经济技术开发区高楼镇双营村水榭花城售楼处,2居/3居 建面 81~90 ㎡ 2017年05月01日开盘 浏览,莱蒙顺泽水榭花城,均价 25000 元/㎡,2017年05月01日开盘 浏览,普通住宅 品牌地产 交通便利 旅游地产
-天津市宝坻区津蓟高速九园线出口宝白路东,2居/3居 建面 87~110 ㎡ 顺销开盘 浏览,恒大花溪小镇,均价 8300 元/㎡,顺销开盘 浏览,普通住宅 交通便利 优惠楼盘
京外旅居-福建省漳州市白塘湾国际旅游度假城,2居/3居 建面 53~121 ㎡ 2018年8月开盘 浏览,泰禾厦门湾,均价 12000 元/㎡,2018年8月开盘 浏览,普通住宅 品牌地产 旅游地产
环京-廊坊市-河北省廊坊市三河市高楼镇,3居 建面 108~118 ㎡ 2017年09月30日开盘 浏览,嘉都-茂晟公馆,均价 13000 元/㎡,2017年09月30日开盘 浏览,公寓 品牌地产 交通便利
京外旅居-云南省丽江市古城区金瑞路3号,1居/2居/3居 建面 60~165 ㎡ 顺销开盘 浏览,天瑞豪生丽江度假区,均价 28000 元/㎡,顺销开盘 浏览,别墅 优惠楼盘 旅游地产
京外旅居-辽宁省葫芦岛市东戴河新区东戴河大街与滨海公路交汇处,1居/2居 建面 54~105 ㎡ 顺销开盘 浏览,佳兆业东戴河,均价 6500 元/㎡,顺销开盘 浏览,普通住宅 品牌地产 旅游地产
京外旅居-辽宁省葫芦岛市东戴河新区东戴河大街与滨海公路交汇处,总建面 500万 ㎡ 顺销开盘 浏览,佳兆业东戴河,均价 10000 元/㎡,顺销开盘 浏览,综合体商铺 交通便利 旅游地产
通州区-位于通州区通燕高速北侧耿庄桥出口北500米潞苑南大街,2018-01-20开盘 浏览,V7九间堂,均价 82949 元/㎡,,别墅 品牌地产 交通便利
环京-廊坊市-燕郊开发区迎宾路天洋城底商,总建面 4048 ㎡ 顺销开盘 浏览,天洋城4代商业,均价 40000 元/㎡,顺销开盘 浏览,综合体商铺 品牌地产 交通便利
环京-廊坊市-河北省固安县迎宾大道与工兴路交口,总建面 15万 ㎡ 2018年07月28日开盘 浏览,空港壹号街区,均价 12000 元/㎡,2018年07月28日开盘 浏览,综合体商铺 交通便利 旅游地产
环京-沧州市-河北省沧州市运河区新华路地下,总建面 1.3万 ㎡ 顺销开盘 浏览,金宝尚都汇步行街,均价 18000 元/㎡,顺销开盘 浏览,综合体商铺 品牌地产 交通便利
天津市-天津滨海新区塘沽,总建面 5.5万 ㎡ 2018年06月24日开盘 浏览,北京苏商大厦,均价 15000 元/㎡,2018年06月24日开盘 浏览,写字楼 交通便利 旅游地产
天津市-天津市宝坻区珠江东环路,1居/2居/3居 建面 55~168 ㎡ 暂无信息开盘 浏览,上京嘉园,均价 9000 元/㎡,暂无信息开盘 浏览,普通住宅 低总价 非毛坯
环京-保定市-河北省保定市白沟新城兴胜大街西侧团结东路北侧鹏润美墅家售楼处,2居/3居 建面 86~108 ㎡ 顺销开盘 浏览,鹏润美墅家,均价 12000 元/㎡,顺销开盘 浏览,普通住宅 交通便利 旅游地产
环京-廊坊市-河北省大厂回族自治县祁各庄镇,2居/3居 建面 88~109 ㎡ 顺销开盘 浏览,潮白河孔雀城盛景澜湾,均价 18000 元/㎡,顺销开盘 浏览,普通住宅 品牌地产 交通便利
天津市-天津市武清区汉沽港,2居 建面 101 ㎡ 2016年10月19日开盘 浏览,尚港华府,均价 9500 元/㎡,2016年10月19日开盘 浏览,普通住宅 交通便利 旅游地产
环京-保定市-河北省涿州市107国道琉璃河检查站东侧,2居/3居/4居 建面 83~128 ㎡ 顺销开盘 浏览,涿州铂悦山,均价 13800 元/㎡,顺销开盘 浏览,普通住宅 交通便利 低总价
京外旅居-辽宁绥中东戴河新区创业大厦北侧,1居/2居 建面 49~87 ㎡ 顺销开盘 浏览,阳光海蓝岛,均价 7000 元/㎡,顺销开盘 浏览,普通住宅 交通便利 旅游地产
环京-廊坊市-河北霸州霸杨线与和平路交叉口东北角,1居/2居/3居 建面 75~124 ㎡ 顺销开盘 浏览,御锦园,均价 5500 元/㎡,顺销开盘 浏览,普通住宅 品牌地产 旅游地产
环京-廊坊市-河北省廊坊市永清县廊霸路与百合路交口北侧200米,2居/3居 建面 94~124 ㎡ 2016年开盘 浏览,百合公馆王府社区,均价 9800 元/㎡,2016年开盘 浏览,普通住宅 优惠楼盘 旅游地产
环京-唐山市-河北省唐山市乐亭县唐山湾国际旅游岛金贝码头东100米,1居 建面 50~85 ㎡ 顺销开盘 浏览,三岛明珠,均价 6200 元/㎡,顺销开盘 浏览,公寓 交通便利 旅游地产
环京-张家口市-河北省张家口市涿鹿县黄帝城旅游区东侧,4居/5居及以上 建面 200~249 ㎡ 顺销开盘 浏览,黄帝城小镇三期,均价 14000 元/㎡,顺销开盘 浏览,别墅 品牌地产 旅游地产
环京-张家口市-河北省张家口市八达岭高速康庄出口(65出口)西南约3公里,2居/3居 建面 84~108 ㎡ 2018年04月15日开盘 浏览,八达岭阿尔卡迪亚,均价 14000 元/㎡,2018年04月15日开盘 浏览,普通住宅 品牌地产 交通便利 旅游地产
环京-廊坊市-河北省燕郊开发区燕灵路与化工大街路口,总建面 21.08万 ㎡ 2017年10月01日开盘 浏览,三九街区,均价 20000 元/㎡,2017年10月01日开盘 浏览,综合体商铺 交通便利 低总价
京外旅居-辽宁省葫芦岛市绥中县东戴河新区滨海大道,1居/2居 建面 48~106 ㎡ 顺销开盘 浏览,利源幸福浬,均价 5000 元/㎡,顺销开盘 浏览,普通住宅 品牌地产 旅游地产
环京-廊坊市-河北固安县新中西街与固马路交汇处,3居 建面 98 ㎡ 顺销开盘 浏览,通宇枫尚城（熠荟园）,均价 14000 元/㎡,顺销开盘 浏览,普通住宅 品牌地产 交通便利
环京-承德市-承德市开发区大学城师院东侧,总建面 15.85万 ㎡ 2017年06月24日开盘 浏览,铂悦山,均价 8100 元/㎡,2017年06月24日开盘 浏览,社区商铺 低总价 旅游地产
环京-廊坊市-河北省廊坊市香河县锦绣大街与五一路交叉口西南角,总建面 150万 ㎡ 顺销开盘 浏览,亚太汽配城,均价 12000 元/㎡,顺销开盘 浏览,综合体商铺 品牌地产 交通便利
环京-廊坊市-霸州市霸州孔雀城喜园,2居/3居 建面 77~104 ㎡ 顺销开盘 浏览,温泉新都孔雀城,均价 9000 元/㎡,顺销开盘 浏览,普通住宅 品牌地产 交通便利
环京-廊坊市-河北 省（直辖市） 廊坊 市 大厂回族自治 （县）区 民族宫西侧,1居/3居 建面 85~100 ㎡ 2018年03月01日开盘 浏览,潮白河孔雀城中央公园,均价 13500 元/㎡,2018年03月01日开盘 浏览,普通住宅 品牌地产 交通便利
环京-廊坊市-霸州市霸州孔雀城喜园,总建面 17.86万 ㎡ 顺销开盘 浏览,温泉新都孔雀城,均价 9500 元/㎡,顺销开盘 浏览,综合体商铺 品牌地产 旅游地产
环京-廊坊市-河北省廊坊市永清县廊霸路北侧,2居 建面 78~101 ㎡ 2018年3月底4月初开盘 浏览,永清花语城,均价 12500 元/㎡,2018年3月底4月初开盘 浏览,普通住宅 品牌地产 交通便利
环京-承德市-河北省承德市承德县下板城镇大平台村,2居/3居 建面 83~111 ㎡ 顺销开盘 浏览,聚鑫万和郡,均价 5850 元/㎡,顺销开盘 浏览,普通住宅 交通便利 旅游地产
环京-张家口市-河北省张家口市经开区纬三路车管所东行五十米,总建面 1.08万 ㎡ 2017年11月25日开盘 浏览,贝尔紫园,均价 16000 元/㎡,2017年11月25日开盘 浏览,综合体商铺 交通便利 优惠楼盘
天津市-光荣道与勤俭道交汇处,总建面 45万 ㎡ 2017．7.14开盘 浏览,海航星公馆club,均价 25000 元/㎡,2017．7.14开盘 浏览,综合体商铺 品牌地产 交通便利
环京-承德市-河北省承德市丰宁县大滩镇孤山子村,总建面 4.24万 ㎡ 2017/8/20开盘 浏览,坝上草原的院子,均价 6500 元/㎡,2017/8/20开盘 浏览,综合体商铺 低总价 旅游地产
京外旅居-河北省北戴河新区洋河口西行200米,2居 建面 85~95 ㎡ 2017年09月23日开盘 浏览,蔚蓝海岸,均价 15600 元/㎡,2017年09月23日开盘 浏览,公寓 品牌地产 交通便利 旅游地产
环京-保定市-河北保定白沟新城友谊路1号,1居 建面 37~40 ㎡ 2017年03月01日开盘 浏览,凤凰国际公寓,均价 11000 元/㎡,2017年03月01日开盘 浏览,普通住宅 品牌地产 交通便利
环京-廊坊市-河北霸州振民道156号,3居 建面 94~142 ㎡ 顺销开盘 浏览,御畅园,均价 7500 元/㎡,顺销开盘 浏览,普通住宅 品牌地产 交通便利
环京-廊坊市-河北省廊坊市永清县S273省道与益昌北路交口向北1公里,2居/3居 建面 83~95 ㎡ 顺销开盘 浏览,森林新都孔雀城,均价 11000 元/㎡,顺销开盘 浏览,普通住宅 品牌地产 交通便利
环京-保定市-涿州市润禾街20号,2居/3居 建面 85~118 ㎡ 顺销开盘 浏览,宝利新仕界,均价 14500 元/㎡,顺销开盘 浏览,普通住宅 交通便利 优惠楼盘
环京-承德市-承德市双滦区隆化围场方向北800米,总建面 20万 ㎡ 2017年08月10日开盘 浏览,红星美凯龙（星艺佳）,均价 10000 元/㎡,2017年08月10日开盘 浏览,综合体商铺 品牌地产 交通便利
环京-廊坊市-河北省廊坊市固安县106国道旁永定河英国宫售楼处,2居/3居 建面 84~96 ㎡ 顺销开盘 浏览,永定河孔雀城英国宫,均价 16000 元/㎡,顺销开盘 浏览,普通住宅 品牌地产 交通便利 旅游地产
环京-张家口市-河北省张家口市下花园区公路街街2号,3居 建面 125 ㎡ 2018/5/15开盘 浏览,碧桂园北京郡,均价 13000 元/㎡,2018/5/15开盘 浏览,普通住宅 品牌地产 交通便利
环京-廊坊市-河北省霸州市跨106线立交桥北500米路东,总建面 561.84万 ㎡ 顺销开盘 浏览,荣盛阿尔卡迪亚霸州温泉城,均价 10000 元/㎡,顺销开盘 浏览,社区商铺 品牌地产 交通便利
环京-张家口市-北京西北方向延庆古崖居风景区西侧，官厅湖北岸三公里,住宅 2016年12月30日开盘 浏览,奥伦达部落原乡心境,均价 25000 元/㎡,,普通住宅 品牌地产 交通便利
环京-唐山市-河北省唐山市古冶区东至永胜路,3居 建面 320 ㎡ 顺销开盘 浏览,唐山金水湾,均价 9000 元/㎡,顺销开盘 浏览,普通住宅 交通便利 旅游地产
环京-廊坊市-河北省廊坊市安次区南龙道与常甫路交口南行100米,1居 建面 37~48 ㎡ 2017.10.30开盘 浏览,大拇指广场,均价 8700 元/㎡,2017.10.30开盘 浏览,公寓 交通便利 旅游地产
环京-廊坊市-河北省廊坊市安次区南龙道与常甫路交口南行100米,总建面 50万 ㎡ 顺销开盘 浏览,大拇指广场,均价 24000 元/㎡,顺销开盘 浏览,综合体商铺 品牌地产 交通便利
天津市-华明示范镇弘顺道与一纬路交口处,总建面 48万 ㎡ 顺销开盘 浏览,科创慧谷,均价 12000 元/㎡,顺销开盘 浏览,写字楼 交通便利 旅游地产
京外旅居-秦皇岛市昌黎黄金海岸一纬路与一经路交汇处,1居/2居 建面 29~98 ㎡ 2015年05月01日开盘 浏览,澳景蓝湾,均价 15000 元/㎡,2015年05月01日开盘 浏览,普通住宅
-天津武清托纳小镇大孟庄,2居/3居 建面 107~131 ㎡ 顺销开盘 浏览,庄胜家园,均价 9000 元/㎡,顺销开盘 浏览,普通住宅 交通便利 旅游地产
环京-张家口市-河北省张家口市下花园区京藏高速出口南200米,2居/3居 建面 93~121 ㎡ 2018年08月开盘 浏览,瑞士公馆,均价 9500 元/㎡,2018年08月开盘 浏览,普通住宅 交通便利 优惠楼盘 旅游地产
环京-保定市-十渡风景区一渡渡口,2居 建面 80 ㎡ 2018年01月20日开盘 浏览,一渡青青小镇,均价 12000 元/㎡,2018年01月20日开盘 浏览,普通住宅 别墅 品牌地产 交通便利
